2025-01-27 14:36:49,597 django.request ERROR    Internal Server Error: /reports/
Traceback (most recent call last):
  File "C:\Users\SAMURAI\PycharmProjects\certular\.venv\Lib\site-packages\django\core\handlers\exception.py", line 55, in inner
    response = get_response(request)
  File "C:\Users\SAMURAI\PycharmProjects\certular\.venv\Lib\site-packages\django\core\handlers\base.py", line 220, in _get_response
    response = response.render()
  File "C:\Users\SAMURAI\PycharmProjects\certular\.venv\Lib\site-packages\django\template\response.py", line 114, in render
    self.content = self.rendered_content
                   ^^^^^^^^^^^^^^^^^^^^^
  File "C:\Users\SAMURAI\PycharmProjects\certular\.venv\Lib\site-packages\django\template\response.py", line 92, in rendered_content
    return template.render(context, self._request)
           ~~~~~~~~~~~~~~~^^^^^^^^^^^^^^^^^^^^^^^^
  File "C:\Users\SAMURAI\PycharmProjects\certular\.venv\Lib\site-packages\django\template\backends\django.py", line 107, in render
    return self.template.render(context)
           ~~~~~~~~~~~~~~~~~~~~^^^^^^^^^
  File "C:\Users\SAMURAI\PycharmProjects\certular\.venv\Lib\site-packages\django\template\base.py", line 171, in render
    return self._render(context)
           ~~~~~~~~~~~~^^^^^^^^^
  File "C:\Users\SAMURAI\PycharmProjects\certular\.venv\Lib\site-packages\django\template\base.py", line 163, in _render
    return self.nodelist.render(context)
           ~~~~~~~~~~~~~~~~~~~~^^^^^^^^^
  File "C:\Users\SAMURAI\PycharmProjects\certular\.venv\Lib\site-packages\django\template\base.py", line 1008, in render
    return SafeString("".join([node.render_annotated(context) for node in self]))
                               ~~~~~~~~~~~~~~~~~~~~~^^^^^^^^^
  File "C:\Users\SAMURAI\PycharmProjects\certular\.venv\Lib\site-packages\django\template\base.py", line 969, in render_annotated
    return self.render(context)
           ~~~~~~~~~~~^^^^^^^^^
  File "C:\Users\SAMURAI\PycharmProjects\certular\.venv\Lib\site-packages\django\template\loader_tags.py", line 159, in render
    return compiled_parent._render(context)
           ~~~~~~~~~~~~~~~~~~~~~~~^^^^^^^^^
  File "C:\Users\SAMURAI\PycharmProjects\certular\.venv\Lib\site-packages\django\template\base.py", line 163, in _render
    return self.nodelist.render(context)
           ~~~~~~~~~~~~~~~~~~~~^^^^^^^^^
  File "C:\Users\SAMURAI\PycharmProjects\certular\.venv\Lib\site-packages\django\template\base.py", line 1008, in render
    return SafeString("".join([node.render_annotated(context) for node in self]))
                               ~~~~~~~~~~~~~~~~~~~~~^^^^^^^^^
  File "C:\Users\SAMURAI\PycharmProjects\certular\.venv\Lib\site-packages\django\template\base.py", line 969, in render_annotated
    return self.render(context)
           ~~~~~~~~~~~^^^^^^^^^
  File "C:\Users\SAMURAI\PycharmProjects\certular\.venv\Lib\site-packages\django\template\loader_tags.py", line 65, in render
    result = block.nodelist.render(context)
  File "C:\Users\SAMURAI\PycharmProjects\certular\.venv\Lib\site-packages\django\template\base.py", line 1008, in render
    return SafeString("".join([node.render_annotated(context) for node in self]))
                               ~~~~~~~~~~~~~~~~~~~~~^^^^^^^^^
  File "C:\Users\SAMURAI\PycharmProjects\certular\.venv\Lib\site-packages\django\template\base.py", line 969, in render_annotated
    return self.render(context)
           ~~~~~~~~~~~^^^^^^^^^
  File "C:\Users\SAMURAI\PycharmProjects\certular\.venv\Lib\site-packages\django\template\defaulttags.py", line 327, in render
    return nodelist.render(context)
           ~~~~~~~~~~~~~~~^^^^^^^^^
  File "C:\Users\SAMURAI\PycharmProjects\certular\.venv\Lib\site-packages\django\template\base.py", line 1008, in render
    return SafeString("".join([node.render_annotated(context) for node in self]))
                               ~~~~~~~~~~~~~~~~~~~~~^^^^^^^^^
  File "C:\Users\SAMURAI\PycharmProjects\certular\.venv\Lib\site-packages\django\template\base.py", line 969, in render_annotated
    return self.render(context)
           ~~~~~~~~~~~^^^^^^^^^
  File "C:\Users\SAMURAI\PycharmProjects\certular\.venv\Lib\site-packages\django\template\defaulttags.py", line 243, in render
    nodelist.append(node.render_annotated(context))
                    ~~~~~~~~~~~~~~~~~~~~~^^^^^^^^^
  File "C:\Users\SAMURAI\PycharmProjects\certular\.venv\Lib\site-packages\django\template\base.py", line 969, in render_annotated
    return self.render(context)
           ~~~~~~~~~~~^^^^^^^^^
  File "C:\Users\SAMURAI\PycharmProjects\certular\.venv\Lib\site-packages\django\template\defaulttags.py", line 327, in render
    return nodelist.render(context)
           ~~~~~~~~~~~~~~~^^^^^^^^^
  File "C:\Users\SAMURAI\PycharmProjects\certular\.venv\Lib\site-packages\django\template\base.py", line 1008, in render
    return SafeString("".join([node.render_annotated(context) for node in self]))
                               ~~~~~~~~~~~~~~~~~~~~~^^^^^^^^^
  File "C:\Users\SAMURAI\PycharmProjects\certular\.venv\Lib\site-packages\django\template\base.py", line 969, in render_annotated
    return self.render(context)
           ~~~~~~~~~~~^^^^^^^^^
  File "C:\Users\SAMURAI\PycharmProjects\certular\.venv\Lib\site-packages\django\template\defaulttags.py", line 480, in render
    url = reverse(view_name, args=args, kwargs=kwargs, current_app=current_app)
  File "C:\Users\SAMURAI\PycharmProjects\certular\.venv\Lib\site-packages\django\urls\base.py", line 88, in reverse
    return resolver._reverse_with_prefix(view, prefix, *args, **kwargs)
           ~~~~~~~~~~~~~~~~~~~~~~~~~~~~~^^^^^^^^^^^^^^^^^^^^^^^^^^^^^^^
  File "C:\Users\SAMURAI\PycharmProjects\certular\.venv\Lib\site-packages\django\urls\resolvers.py", line 831, in _reverse_with_prefix
    raise NoReverseMatch(msg)
django.urls.exceptions.NoReverseMatch: Reverse for 'download_report' with arguments '(1,)' not found. 1 pattern(s) tried: ['reports/download/\\Z']
2025-01-27 14:36:49,613 django.server ERROR    "GET /reports/ HTTP/1.1" 500 351541
2025-01-27 15:19:35,374 django.request ERROR    Internal Server Error: /accounts/login/
Traceback (most recent call last):
  File "C:\Users\SAMURAI\PycharmProjects\certular\.venv\Lib\site-packages\django\core\handlers\exception.py", line 55, in inner
    response = get_response(request)
  File "C:\Users\SAMURAI\PycharmProjects\certular\.venv\Lib\site-packages\django\core\handlers\base.py", line 197, in _get_response
    response = wrapped_callback(request, *callback_args, **callback_kwargs)
  File "C:\Users\SAMURAI\PycharmProjects\certular\project\accounts_app\views.py", line 50, in login_view
    return JsonResponse(error_message, status=401)
  File "C:\Users\SAMURAI\PycharmProjects\certular\.venv\Lib\site-packages\django\http\response.py", line 726, in __init__
    raise TypeError(
    ...<2 lines>...
    )
TypeError: In order to allow non-dict objects to be serialized set the safe parameter to False.
2025-01-27 15:19:35,377 django.server ERROR    "POST //accounts/login/ HTTP/1.1" 500 74095
2025-01-27 15:19:38,127 django.request ERROR    Internal Server Error: /accounts/login/
Traceback (most recent call last):
  File "C:\Users\SAMURAI\PycharmProjects\certular\.venv\Lib\site-packages\django\core\handlers\exception.py", line 55, in inner
    response = get_response(request)
  File "C:\Users\SAMURAI\PycharmProjects\certular\.venv\Lib\site-packages\django\core\handlers\base.py", line 197, in _get_response
    response = wrapped_callback(request, *callback_args, **callback_kwargs)
  File "C:\Users\SAMURAI\PycharmProjects\certular\project\accounts_app\views.py", line 50, in login_view
    return JsonResponse(error_message, status=401)
  File "C:\Users\SAMURAI\PycharmProjects\certular\.venv\Lib\site-packages\django\http\response.py", line 726, in __init__
    raise TypeError(
    ...<2 lines>...
    )
TypeError: In order to allow non-dict objects to be serialized set the safe parameter to False.
2025-01-27 15:19:38,129 django.server ERROR    "POST //accounts/login/ HTTP/1.1" 500 74095
2025-01-27 15:26:49,151 django.request WARNING  Unauthorized: /accounts/login/
2025-01-27 15:26:49,152 django.server WARNING  "POST //accounts/login/ HTTP/1.1" 401 209
2025-01-27 15:27:10,559 django.request WARNING  Unauthorized: /accounts/login/
2025-01-27 15:27:10,561 django.server WARNING  "POST //accounts/login/ HTTP/1.1" 401 209
2025-01-27 15:27:11,742 django.request WARNING  Unauthorized: /accounts/login/
2025-01-27 15:27:11,744 django.server WARNING  "POST //accounts/login/ HTTP/1.1" 401 209
2025-01-27 15:27:12,507 django.request WARNING  Unauthorized: /accounts/login/
2025-01-27 15:27:12,509 django.server WARNING  "POST //accounts/login/ HTTP/1.1" 401 209
2025-01-27 15:43:48,996 django.request ERROR    Internal Server Error: /reports/
Traceback (most recent call last):
  File "C:\Users\SAMURAI\PycharmProjects\certular\.venv\Lib\site-packages\django\core\handlers\exception.py", line 55, in inner
    response = get_response(request)
  File "C:\Users\SAMURAI\PycharmProjects\certular\.venv\Lib\site-packages\django\core\handlers\base.py", line 197, in _get_response
    response = wrapped_callback(request, *callback_args, **callback_kwargs)
  File "C:\Users\SAMURAI\PycharmProjects\certular\.venv\Lib\site-packages\django\views\generic\base.py", line 104, in view
    return self.dispatch(request, *args, **kwargs)
           ~~~~~~~~~~~~~^^^^^^^^^^^^^^^^^^^^^^^^^^
  File "C:\Users\SAMURAI\PycharmProjects\certular\.venv\Lib\site-packages\django\contrib\auth\mixins.py", line 73, in dispatch
    return super().dispatch(request, *args, **kwargs)
           ~~~~~~~~~~~~~~~~^^^^^^^^^^^^^^^^^^^^^^^^^^
  File "C:\Users\SAMURAI\PycharmProjects\certular\.venv\Lib\site-packages\django\views\generic\base.py", line 143, in dispatch
    return handler(request, *args, **kwargs)
  File "C:\Users\SAMURAI\PycharmProjects\certular\.venv\Lib\site-packages\django\views\generic\list.py", line 154, in get
    self.object_list = self.get_queryset()
                       ~~~~~~~~~~~~~~~~~^^
  File "C:\Users\SAMURAI\PycharmProjects\certular\project\reports_app\views.py", line 38, in get_queryset
    reports_not_read = queryset.objects.filter(status=1)    # 1 - статус: Отправлен
                       ^^^^^^^^^^^^^^^^
AttributeError: 'QuerySet' object has no attribute 'objects'
2025-01-27 15:43:49,001 django.server ERROR    "GET /reports/ HTTP/1.1" 500 87081
2025-01-27 15:44:10,287 reports_app.views INFO     Скорицей просмотрел страницу отчетов сейчас в - 27:01:2025 - 15:44
2025-01-27 15:44:24,466 reports_app.views INFO     Статус документа - прочитан
2025-01-27 15:58:00,577 django.request ERROR    Internal Server Error: /accounts/login/
Traceback (most recent call last):
  File "C:\Users\SAMURAI\PycharmProjects\certular\.venv\Lib\site-packages\django\db\backends\utils.py", line 105, in _execute
    return self.cursor.execute(sql, params)
           ~~~~~~~~~~~~~~~~~~~^^^^^^^^^^^^^
psycopg2.errors.UndefinedTable: ОШИБКА:  отношение "db_logger_statuslog" не существует
LINE 1: INSERT INTO "db_logger_statuslog" ("logger_name", "level", "...
                    ^


The above exception was the direct cause of the following exception:

Traceback (most recent call last):
  File "C:\Users\SAMURAI\PycharmProjects\certular\.venv\Lib\site-packages\django\core\handlers\exception.py", line 55, in inner
    response = get_response(request)
  File "C:\Users\SAMURAI\PycharmProjects\certular\.venv\Lib\site-packages\django\core\handlers\base.py", line 197, in _get_response
    response = wrapped_callback(request, *callback_args, **callback_kwargs)
  File "C:\Users\SAMURAI\PycharmProjects\certular\project\accounts_app\views.py", line 44, in login_view
    logger.info(f'{user.first_name} из {user.organization} вошел в систему в '
    ~~~~~~~~~~~^^^^^^^^^^^^^^^^^^^^^^^^^^^^^^^^^^^^^^^^^^^^^^^^^^^^^^^^^^^^^^^
           f'{datetime.datetime.now().strftime("%d-%m-%Y - %H:%M")}')
           ^^^^^^^^^^^^^^^^^^^^^^^^^^^^^^^^^^^^^^^^^^^^^^^^^^^^^^^^^^
  File "C:\Program Files\WindowsApps\PythonSoftwareFoundation.Python.3.13_3.13.496.0_x64__qbz5n2kfra8p0\Lib\logging\__init__.py", line 1519, in info
    self._log(INFO, msg, args, **kwargs)
    ~~~~~~~~~^^^^^^^^^^^^^^^^^^^^^^^^^^^
  File "C:\Program Files\WindowsApps\PythonSoftwareFoundation.Python.3.13_3.13.496.0_x64__qbz5n2kfra8p0\Lib\logging\__init__.py", line 1664, in _log
    self.handle(record)
    ~~~~~~~~~~~^^^^^^^^
  File "C:\Program Files\WindowsApps\PythonSoftwareFoundation.Python.3.13_3.13.496.0_x64__qbz5n2kfra8p0\Lib\logging\__init__.py", line 1680, in handle
    self.callHandlers(record)
    ~~~~~~~~~~~~~~~~~^^^^^^^^
  File "C:\Program Files\WindowsApps\PythonSoftwareFoundation.Python.3.13_3.13.496.0_x64__qbz5n2kfra8p0\Lib\logging\__init__.py", line 1736, in callHandlers
    hdlr.handle(record)
    ~~~~~~~~~~~^^^^^^^^
  File "C:\Program Files\WindowsApps\PythonSoftwareFoundation.Python.3.13_3.13.496.0_x64__qbz5n2kfra8p0\Lib\logging\__init__.py", line 1026, in handle
    self.emit(record)
    ~~~~~~~~~^^^^^^^^
  File "C:\Users\SAMURAI\PycharmProjects\certular\project\db_logger\db_log_handler.py", line 30, in emit
    StatusLog.objects.create(**kwargs)
    ~~~~~~~~~~~~~~~~~~~~~~~~^^^^^^^^^^
  File "C:\Users\SAMURAI\PycharmProjects\certular\.venv\Lib\site-packages\django\db\models\manager.py", line 87, in manager_method
    return getattr(self.get_queryset(), name)(*args, **kwargs)
           ~~~~~~~~~~~~~~~~~~~~~~~~~~~~~~~~~~^^^^^^^^^^^^^^^^^
  File "C:\Users\SAMURAI\PycharmProjects\certular\.venv\Lib\site-packages\django\db\models\query.py", line 679, in create
    obj.save(force_insert=True, using=self.db)
    ~~~~~~~~^^^^^^^^^^^^^^^^^^^^^^^^^^^^^^^^^^
  File "C:\Users\SAMURAI\PycharmProjects\certular\project\db_logger\models.py", line 47, in save
    super(StatusLog, self).save(*args, **kwargs)
    ~~~~~~~~~~~~~~~~~~~~~~~~~~~^^^^^^^^^^^^^^^^^
  File "C:\Users\SAMURAI\PycharmProjects\certular\.venv\Lib\site-packages\django\db\models\base.py", line 892, in save
    self.save_base(
    ~~~~~~~~~~~~~~^
        using=using,
        ^^^^^^^^^^^^
    ...<2 lines>...
        update_fields=update_fields,
        ^^^^^^^^^^^^^^^^^^^^^^^^^^^^
    )
    ^
  File "C:\Users\SAMURAI\PycharmProjects\certular\.venv\Lib\site-packages\django\db\models\base.py", line 998, in save_base
    updated = self._save_table(
        raw,
    ...<4 lines>...
        update_fields,
    )
  File "C:\Users\SAMURAI\PycharmProjects\certular\.venv\Lib\site-packages\django\db\models\base.py", line 1161, in _save_table
    results = self._do_insert(
        cls._base_manager, using, fields, returning_fields, raw
    )
  File "C:\Users\SAMURAI\PycharmProjects\certular\.venv\Lib\site-packages\django\db\models\base.py", line 1202, in _do_insert
    return manager._insert(
           ~~~~~~~~~~~~~~~^
        [self],
        ^^^^^^^
    ...<3 lines>...
        raw=raw,
        ^^^^^^^^
    )
    ^
  File "C:\Users\SAMURAI\PycharmProjects\certular\.venv\Lib\site-packages\django\db\models\manager.py", line 87, in manager_method
    return getattr(self.get_queryset(), name)(*args, **kwargs)
           ~~~~~~~~~~~~~~~~~~~~~~~~~~~~~~~~~~^^^^^^^^^^^^^^^^^
  File "C:\Users\SAMURAI\PycharmProjects\certular\.venv\Lib\site-packages\django\db\models\query.py", line 1847, in _insert
    return query.get_compiler(using=using).execute_sql(returning_fields)
           ~~~~~~~~~~~~~~~~~~~~~~~~~~~~~~~~~~~~~~~~~~~^^^^^^^^^^^^^^^^^^
  File "C:\Users\SAMURAI\PycharmProjects\certular\.venv\Lib\site-packages\django\db\models\sql\compiler.py", line 1836, in execute_sql
    cursor.execute(sql, params)
    ~~~~~~~~~~~~~~^^^^^^^^^^^^^
  File "C:\Users\SAMURAI\PycharmProjects\certular\.venv\Lib\site-packages\django\db\backends\utils.py", line 122, in execute
    return super().execute(sql, params)
           ~~~~~~~~~~~~~~~^^^^^^^^^^^^^
  File "C:\Users\SAMURAI\PycharmProjects\certular\.venv\Lib\site-packages\django\db\backends\utils.py", line 79, in execute
    return self._execute_with_wrappers(
           ~~~~~~~~~~~~~~~~~~~~~~~~~~~^
        sql, params, many=False, executor=self._execute
        ^^^^^^^^^^^^^^^^^^^^^^^^^^^^^^^^^^^^^^^^^^^^^^^
    )
    ^
  File "C:\Users\SAMURAI\PycharmProjects\certular\.venv\Lib\site-packages\django\db\backends\utils.py", line 92, in _execute_with_wrappers
    return executor(sql, params, many, context)
  File "C:\Users\SAMURAI\PycharmProjects\certular\.venv\Lib\site-packages\django\db\backends\utils.py", line 100, in _execute
    with self.db.wrap_database_errors:
         ^^^^^^^^^^^^^^^^^^^^^^^^^^^^
  File "C:\Users\SAMURAI\PycharmProjects\certular\.venv\Lib\site-packages\django\db\utils.py", line 91, in __exit__
    raise dj_exc_value.with_traceback(traceback) from exc_value
  File "C:\Users\SAMURAI\PycharmProjects\certular\.venv\Lib\site-packages\django\db\backends\utils.py", line 105, in _execute
    return self.cursor.execute(sql, params)
           ~~~~~~~~~~~~~~~~~~~^^^^^^^^^^^^^
django.db.utils.ProgrammingError: ОШИБКА:  отношение "db_logger_statuslog" не существует
LINE 1: INSERT INTO "db_logger_statuslog" ("logger_name", "level", "...
                    ^

2025-01-27 15:58:00,597 django.server ERROR    "POST //accounts/login/ HTTP/1.1" 500 187977
2025-01-27 16:01:35,721 django.security.csrf WARNING  Forbidden (CSRF token from the 'X-Csrftoken' HTTP header incorrect.): /accounts/login/
2025-01-27 16:01:35,722 django.server WARNING  "POST //accounts/login/ HTTP/1.1" 403 2538
2025-01-27 16:02:02,214 django.request ERROR    Internal Server Error: /accounts/login/
Traceback (most recent call last):
  File "C:\Users\SAMURAI\PycharmProjects\certular\.venv\Lib\site-packages\django\db\backends\utils.py", line 105, in _execute
    return self.cursor.execute(sql, params)
           ~~~~~~~~~~~~~~~~~~~^^^^^^^^^^^^^
psycopg2.errors.UndefinedTable: ОШИБКА:  отношение "db_logger_statuslog" не существует
LINE 1: INSERT INTO "db_logger_statuslog" ("logger_name", "level", "...
                    ^


The above exception was the direct cause of the following exception:

Traceback (most recent call last):
  File "C:\Users\SAMURAI\PycharmProjects\certular\.venv\Lib\site-packages\django\core\handlers\exception.py", line 55, in inner
    response = get_response(request)
  File "C:\Users\SAMURAI\PycharmProjects\certular\.venv\Lib\site-packages\django\core\handlers\base.py", line 197, in _get_response
    response = wrapped_callback(request, *callback_args, **callback_kwargs)
  File "C:\Users\SAMURAI\PycharmProjects\certular\project\accounts_app\views.py", line 44, in login_view
    logger.info(f'{user.first_name} из {user.organization} вошел в систему в '
    ~~~~~~~~~~~^^^^^^^^^^^^^^^^^^^^^^^^^^^^^^^^^^^^^^^^^^^^^^^^^^^^^^^^^^^^^^^
           f'{datetime.datetime.now().strftime("%d-%m-%Y - %H:%M")}')
           ^^^^^^^^^^^^^^^^^^^^^^^^^^^^^^^^^^^^^^^^^^^^^^^^^^^^^^^^^^
  File "C:\Program Files\WindowsApps\PythonSoftwareFoundation.Python.3.13_3.13.496.0_x64__qbz5n2kfra8p0\Lib\logging\__init__.py", line 1519, in info
    self._log(INFO, msg, args, **kwargs)
    ~~~~~~~~~^^^^^^^^^^^^^^^^^^^^^^^^^^^
  File "C:\Program Files\WindowsApps\PythonSoftwareFoundation.Python.3.13_3.13.496.0_x64__qbz5n2kfra8p0\Lib\logging\__init__.py", line 1664, in _log
    self.handle(record)
    ~~~~~~~~~~~^^^^^^^^
  File "C:\Program Files\WindowsApps\PythonSoftwareFoundation.Python.3.13_3.13.496.0_x64__qbz5n2kfra8p0\Lib\logging\__init__.py", line 1680, in handle
    self.callHandlers(record)
    ~~~~~~~~~~~~~~~~~^^^^^^^^
  File "C:\Program Files\WindowsApps\PythonSoftwareFoundation.Python.3.13_3.13.496.0_x64__qbz5n2kfra8p0\Lib\logging\__init__.py", line 1736, in callHandlers
    hdlr.handle(record)
    ~~~~~~~~~~~^^^^^^^^
  File "C:\Program Files\WindowsApps\PythonSoftwareFoundation.Python.3.13_3.13.496.0_x64__qbz5n2kfra8p0\Lib\logging\__init__.py", line 1026, in handle
    self.emit(record)
    ~~~~~~~~~^^^^^^^^
  File "C:\Users\SAMURAI\PycharmProjects\certular\project\db_logger\db_log_handler.py", line 30, in emit
    StatusLog.objects.create(**kwargs)
    ~~~~~~~~~~~~~~~~~~~~~~~~^^^^^^^^^^
  File "C:\Users\SAMURAI\PycharmProjects\certular\.venv\Lib\site-packages\django\db\models\manager.py", line 87, in manager_method
    return getattr(self.get_queryset(), name)(*args, **kwargs)
           ~~~~~~~~~~~~~~~~~~~~~~~~~~~~~~~~~~^^^^^^^^^^^^^^^^^
  File "C:\Users\SAMURAI\PycharmProjects\certular\.venv\Lib\site-packages\django\db\models\query.py", line 679, in create
    obj.save(force_insert=True, using=self.db)
    ~~~~~~~~^^^^^^^^^^^^^^^^^^^^^^^^^^^^^^^^^^
  File "C:\Users\SAMURAI\PycharmProjects\certular\project\db_logger\models.py", line 47, in save
    super().save(*args, **kwargs)
    ~~~~~~~~~~~~^^^^^^^^^^^^^^^^^
  File "C:\Users\SAMURAI\PycharmProjects\certular\.venv\Lib\site-packages\django\db\models\base.py", line 892, in save
    self.save_base(
    ~~~~~~~~~~~~~~^
        using=using,
        ^^^^^^^^^^^^
    ...<2 lines>...
        update_fields=update_fields,
        ^^^^^^^^^^^^^^^^^^^^^^^^^^^^
    )
    ^
  File "C:\Users\SAMURAI\PycharmProjects\certular\.venv\Lib\site-packages\django\db\models\base.py", line 998, in save_base
    updated = self._save_table(
        raw,
    ...<4 lines>...
        update_fields,
    )
  File "C:\Users\SAMURAI\PycharmProjects\certular\.venv\Lib\site-packages\django\db\models\base.py", line 1161, in _save_table
    results = self._do_insert(
        cls._base_manager, using, fields, returning_fields, raw
    )
  File "C:\Users\SAMURAI\PycharmProjects\certular\.venv\Lib\site-packages\django\db\models\base.py", line 1202, in _do_insert
    return manager._insert(
           ~~~~~~~~~~~~~~~^
        [self],
        ^^^^^^^
    ...<3 lines>...
        raw=raw,
        ^^^^^^^^
    )
    ^
  File "C:\Users\SAMURAI\PycharmProjects\certular\.venv\Lib\site-packages\django\db\models\manager.py", line 87, in manager_method
    return getattr(self.get_queryset(), name)(*args, **kwargs)
           ~~~~~~~~~~~~~~~~~~~~~~~~~~~~~~~~~~^^^^^^^^^^^^^^^^^
  File "C:\Users\SAMURAI\PycharmProjects\certular\.venv\Lib\site-packages\django\db\models\query.py", line 1847, in _insert
    return query.get_compiler(using=using).execute_sql(returning_fields)
           ~~~~~~~~~~~~~~~~~~~~~~~~~~~~~~~~~~~~~~~~~~~^^^^^^^^^^^^^^^^^^
  File "C:\Users\SAMURAI\PycharmProjects\certular\.venv\Lib\site-packages\django\db\models\sql\compiler.py", line 1836, in execute_sql
    cursor.execute(sql, params)
    ~~~~~~~~~~~~~~^^^^^^^^^^^^^
  File "C:\Users\SAMURAI\PycharmProjects\certular\.venv\Lib\site-packages\django\db\backends\utils.py", line 122, in execute
    return super().execute(sql, params)
           ~~~~~~~~~~~~~~~^^^^^^^^^^^^^
  File "C:\Users\SAMURAI\PycharmProjects\certular\.venv\Lib\site-packages\django\db\backends\utils.py", line 79, in execute
    return self._execute_with_wrappers(
           ~~~~~~~~~~~~~~~~~~~~~~~~~~~^
        sql, params, many=False, executor=self._execute
        ^^^^^^^^^^^^^^^^^^^^^^^^^^^^^^^^^^^^^^^^^^^^^^^
    )
    ^
  File "C:\Users\SAMURAI\PycharmProjects\certular\.venv\Lib\site-packages\django\db\backends\utils.py", line 92, in _execute_with_wrappers
    return executor(sql, params, many, context)
  File "C:\Users\SAMURAI\PycharmProjects\certular\.venv\Lib\site-packages\django\db\backends\utils.py", line 100, in _execute
    with self.db.wrap_database_errors:
         ^^^^^^^^^^^^^^^^^^^^^^^^^^^^
  File "C:\Users\SAMURAI\PycharmProjects\certular\.venv\Lib\site-packages\django\db\utils.py", line 91, in __exit__
    raise dj_exc_value.with_traceback(traceback) from exc_value
  File "C:\Users\SAMURAI\PycharmProjects\certular\.venv\Lib\site-packages\django\db\backends\utils.py", line 105, in _execute
    return self.cursor.execute(sql, params)
           ~~~~~~~~~~~~~~~~~~~^^^^^^^^^^^^^
django.db.utils.ProgrammingError: ОШИБКА:  отношение "db_logger_statuslog" не существует
LINE 1: INSERT INTO "db_logger_statuslog" ("logger_name", "level", "...
                    ^

2025-01-27 16:02:02,241 django.server ERROR    "POST //accounts/login/ HTTP/1.1" 500 187917
2025-01-27 16:22:26,236 django.request ERROR    Internal Server Error: /accounts/login/
Traceback (most recent call last):
  File "C:\Users\SAMURAI\PycharmProjects\certular\.venv\Lib\site-packages\django\core\handlers\exception.py", line 55, in inner
    response = get_response(request)
  File "C:\Users\SAMURAI\PycharmProjects\certular\.venv\Lib\site-packages\django\core\handlers\base.py", line 197, in _get_response
    response = wrapped_callback(request, *callback_args, **callback_kwargs)
  File "C:\Users\SAMURAI\PycharmProjects\certular\project\accounts_app\views.py", line 44, in login_view
    logger.info(f'{user.first_name} из {user.organization} вошел в систему в '
    ~~~~~~~~~~~^^^^^^^^^^^^^^^^^^^^^^^^^^^^^^^^^^^^^^^^^^^^^^^^^^^^^^^^^^^^^^^
           f'{datetime.datetime.now().strftime("%d-%m-%Y - %H:%M")}')
           ^^^^^^^^^^^^^^^^^^^^^^^^^^^^^^^^^^^^^^^^^^^^^^^^^^^^^^^^^^
  File "C:\Program Files\WindowsApps\PythonSoftwareFoundation.Python.3.13_3.13.496.0_x64__qbz5n2kfra8p0\Lib\logging\__init__.py", line 1519, in info
    self._log(INFO, msg, args, **kwargs)
    ~~~~~~~~~^^^^^^^^^^^^^^^^^^^^^^^^^^^
  File "C:\Program Files\WindowsApps\PythonSoftwareFoundation.Python.3.13_3.13.496.0_x64__qbz5n2kfra8p0\Lib\logging\__init__.py", line 1664, in _log
    self.handle(record)
    ~~~~~~~~~~~^^^^^^^^
  File "C:\Program Files\WindowsApps\PythonSoftwareFoundation.Python.3.13_3.13.496.0_x64__qbz5n2kfra8p0\Lib\logging\__init__.py", line 1680, in handle
    self.callHandlers(record)
    ~~~~~~~~~~~~~~~~~^^^^^^^^
  File "C:\Program Files\WindowsApps\PythonSoftwareFoundation.Python.3.13_3.13.496.0_x64__qbz5n2kfra8p0\Lib\logging\__init__.py", line 1736, in callHandlers
    hdlr.handle(record)
    ~~~~~~~~~~~^^^^^^^^
  File "C:\Program Files\WindowsApps\PythonSoftwareFoundation.Python.3.13_3.13.496.0_x64__qbz5n2kfra8p0\Lib\logging\__init__.py", line 1026, in handle
    self.emit(record)
    ~~~~~~~~~^^^^^^^^
  File "C:\Users\SAMURAI\PycharmProjects\certular\project\db_logger\db_log_handler.py", line 27, in emit
    'msg': msg,
           ^^^
UnboundLocalError: cannot access local variable 'msg' where it is not associated with a value
2025-01-27 16:22:26,246 django.server ERROR    "POST //accounts/login/ HTTP/1.1" 500 97972
2025-01-27 18:14:32,835 django.request WARNING  Not Found: /favicon.ico
2025-01-27 18:14:32,892 django.server WARNING  "GET /favicon.ico HTTP/1.1" 404 4736
2025-01-27 18:48:00,581 django.request ERROR    Internal Server Error: /reports/
Traceback (most recent call last):
  File "C:\Users\SAMURAI\PycharmProjects\certular\.venv\Lib\site-packages\django\core\handlers\exception.py", line 55, in inner
    response = get_response(request)
  File "C:\Users\SAMURAI\PycharmProjects\certular\.venv\Lib\site-packages\django\core\handlers\base.py", line 220, in _get_response
    response = response.render()
  File "C:\Users\SAMURAI\PycharmProjects\certular\.venv\Lib\site-packages\django\template\response.py", line 114, in render
    self.content = self.rendered_content
                   ^^^^^^^^^^^^^^^^^^^^^
  File "C:\Users\SAMURAI\PycharmProjects\certular\.venv\Lib\site-packages\django\template\response.py", line 92, in rendered_content
    return template.render(context, self._request)
           ~~~~~~~~~~~~~~~^^^^^^^^^^^^^^^^^^^^^^^^
  File "C:\Users\SAMURAI\PycharmProjects\certular\.venv\Lib\site-packages\django\template\backends\django.py", line 107, in render
    return self.template.render(context)
           ~~~~~~~~~~~~~~~~~~~~^^^^^^^^^
  File "C:\Users\SAMURAI\PycharmProjects\certular\.venv\Lib\site-packages\django\template\base.py", line 171, in render
    return self._render(context)
           ~~~~~~~~~~~~^^^^^^^^^
  File "C:\Users\SAMURAI\PycharmProjects\certular\.venv\Lib\site-packages\django\template\base.py", line 163, in _render
    return self.nodelist.render(context)
           ~~~~~~~~~~~~~~~~~~~~^^^^^^^^^
  File "C:\Users\SAMURAI\PycharmProjects\certular\.venv\Lib\site-packages\django\template\base.py", line 1008, in render
    return SafeString("".join([node.render_annotated(context) for node in self]))
                               ~~~~~~~~~~~~~~~~~~~~~^^^^^^^^^
  File "C:\Users\SAMURAI\PycharmProjects\certular\.venv\Lib\site-packages\django\template\base.py", line 969, in render_annotated
    return self.render(context)
           ~~~~~~~~~~~^^^^^^^^^
  File "C:\Users\SAMURAI\PycharmProjects\certular\.venv\Lib\site-packages\django\template\loader_tags.py", line 159, in render
    return compiled_parent._render(context)
           ~~~~~~~~~~~~~~~~~~~~~~~^^^^^^^^^
  File "C:\Users\SAMURAI\PycharmProjects\certular\.venv\Lib\site-packages\django\template\base.py", line 163, in _render
    return self.nodelist.render(context)
           ~~~~~~~~~~~~~~~~~~~~^^^^^^^^^
  File "C:\Users\SAMURAI\PycharmProjects\certular\.venv\Lib\site-packages\django\template\base.py", line 1008, in render
    return SafeString("".join([node.render_annotated(context) for node in self]))
                               ~~~~~~~~~~~~~~~~~~~~~^^^^^^^^^
  File "C:\Users\SAMURAI\PycharmProjects\certular\.venv\Lib\site-packages\django\template\base.py", line 969, in render_annotated
    return self.render(context)
           ~~~~~~~~~~~^^^^^^^^^
  File "C:\Users\SAMURAI\PycharmProjects\certular\.venv\Lib\site-packages\django\template\loader_tags.py", line 65, in render
    result = block.nodelist.render(context)
  File "C:\Users\SAMURAI\PycharmProjects\certular\.venv\Lib\site-packages\django\template\base.py", line 1008, in render
    return SafeString("".join([node.render_annotated(context) for node in self]))
                               ~~~~~~~~~~~~~~~~~~~~~^^^^^^^^^
  File "C:\Users\SAMURAI\PycharmProjects\certular\.venv\Lib\site-packages\django\template\base.py", line 969, in render_annotated
    return self.render(context)
           ~~~~~~~~~~~^^^^^^^^^
  File "C:\Users\SAMURAI\PycharmProjects\certular\.venv\Lib\site-packages\django\template\defaulttags.py", line 327, in render
    return nodelist.render(context)
           ~~~~~~~~~~~~~~~^^^^^^^^^
  File "C:\Users\SAMURAI\PycharmProjects\certular\.venv\Lib\site-packages\django\template\base.py", line 1008, in render
    return SafeString("".join([node.render_annotated(context) for node in self]))
                               ~~~~~~~~~~~~~~~~~~~~~^^^^^^^^^
  File "C:\Users\SAMURAI\PycharmProjects\certular\.venv\Lib\site-packages\django\template\base.py", line 969, in render_annotated
    return self.render(context)
           ~~~~~~~~~~~^^^^^^^^^
  File "C:\Users\SAMURAI\PycharmProjects\certular\.venv\Lib\site-packages\django\template\defaulttags.py", line 243, in render
    nodelist.append(node.render_annotated(context))
                    ~~~~~~~~~~~~~~~~~~~~~^^^^^^^^^
  File "C:\Users\SAMURAI\PycharmProjects\certular\.venv\Lib\site-packages\django\template\base.py", line 969, in render_annotated
    return self.render(context)
           ~~~~~~~~~~~^^^^^^^^^
  File "C:\Users\SAMURAI\PycharmProjects\certular\.venv\Lib\site-packages\django\template\defaulttags.py", line 480, in render
    url = reverse(view_name, args=args, kwargs=kwargs, current_app=current_app)
  File "C:\Users\SAMURAI\PycharmProjects\certular\.venv\Lib\site-packages\django\urls\base.py", line 88, in reverse
    return resolver._reverse_with_prefix(view, prefix, *args, **kwargs)
           ~~~~~~~~~~~~~~~~~~~~~~~~~~~~~^^^^^^^^^^^^^^^^^^^^^^^^^^^^^^^
  File "C:\Users\SAMURAI\PycharmProjects\certular\.venv\Lib\site-packages\django\urls\resolvers.py", line 831, in _reverse_with_prefix
    raise NoReverseMatch(msg)
django.urls.exceptions.NoReverseMatch: Reverse for 'change' not found. 'change' is not a valid view function or pattern name.
2025-01-27 18:48:00,585 django.server ERROR    "GET /reports/ HTTP/1.1" 500 317006
2025-01-27 19:16:59,978 django.server WARNING  "GET /static-root/modules/change_status.js HTTP/1.1" 404 2009
2025-01-27 19:17:05,172 django.request ERROR    Internal Server Error: /reports/change/2/
Traceback (most recent call last):
  File "C:\Users\SAMURAI\PycharmProjects\certular\.venv\Lib\site-packages\django\core\handlers\exception.py", line 55, in inner
    response = get_response(request)
  File "C:\Users\SAMURAI\PycharmProjects\certular\.venv\Lib\site-packages\django\core\handlers\base.py", line 204, in _get_response
    self.check_response(response, callback)
    ~~~~~~~~~~~~~~~~~~~^^^^^^^^^^^^^^^^^^^^
  File "C:\Users\SAMURAI\PycharmProjects\certular\.venv\Lib\site-packages\django\core\handlers\base.py", line 332, in check_response
    raise ValueError(
    ...<2 lines>...
    )
ValueError: The view reports_app.views.change_report_status didn't return an HttpResponse object. It returned None instead.
2025-01-27 19:17:05,175 django.server ERROR    "GET /reports/change/2/ HTTP/1.1" 500 70008
2025-01-27 19:20:46,778 django.request ERROR    Internal Server Error: /reports/change/2/
Traceback (most recent call last):
  File "C:\Users\SAMURAI\PycharmProjects\certular\.venv\Lib\site-packages\django\core\handlers\exception.py", line 55, in inner
    response = get_response(request)
  File "C:\Users\SAMURAI\PycharmProjects\certular\.venv\Lib\site-packages\django\core\handlers\base.py", line 204, in _get_response
    self.check_response(response, callback)
    ~~~~~~~~~~~~~~~~~~~^^^^^^^^^^^^^^^^^^^^
  File "C:\Users\SAMURAI\PycharmProjects\certular\.venv\Lib\site-packages\django\core\handlers\base.py", line 332, in check_response
    raise ValueError(
    ...<2 lines>...
    )
ValueError: The view reports_app.views.change_report_status didn't return an HttpResponse object. It returned None instead.
2025-01-27 19:20:46,779 django.server ERROR    "GET /reports/change/2/ HTTP/1.1" 500 70145
2025-01-27 19:20:53,474 django.request ERROR    Internal Server Error: /reports/change/2/
Traceback (most recent call last):
  File "C:\Users\SAMURAI\PycharmProjects\certular\.venv\Lib\site-packages\django\core\handlers\exception.py", line 55, in inner
    response = get_response(request)
  File "C:\Users\SAMURAI\PycharmProjects\certular\.venv\Lib\site-packages\django\core\handlers\base.py", line 204, in _get_response
    self.check_response(response, callback)
    ~~~~~~~~~~~~~~~~~~~^^^^^^^^^^^^^^^^^^^^
  File "C:\Users\SAMURAI\PycharmProjects\certular\.venv\Lib\site-packages\django\core\handlers\base.py", line 332, in check_response
    raise ValueError(
    ...<2 lines>...
    )
ValueError: The view reports_app.views.change_report_status didn't return an HttpResponse object. It returned None instead.
2025-01-27 19:20:53,481 django.server ERROR    "GET /reports/change/2/ HTTP/1.1" 500 70008
2025-01-27 19:20:59,310 django.request WARNING  Not Found: /фв
2025-01-27 19:20:59,311 django.server WARNING  "GET /%D1%84%D0%B2 HTTP/1.1" 404 4723
2025-01-27 19:21:38,991 django.server WARNING  "GET /static-root/modules/change_status.js HTTP/1.1" 404 2009
2025-01-27 19:21:55,218 django.server WARNING  "GET /static-root/modules/change_status.js HTTP/1.1" 404 2009
2025-01-27 19:23:46,970 django.server WARNING  "GET /static-root/modules/change_status.js HTTP/1.1" 404 2009
2025-01-27 19:25:04,786 django.request ERROR    Internal Server Error: /reports/change/4/
Traceback (most recent call last):
  File "C:\Users\SAMURAI\PycharmProjects\certular\.venv\Lib\site-packages\django\core\handlers\exception.py", line 55, in inner
    response = get_response(request)
  File "C:\Users\SAMURAI\PycharmProjects\certular\.venv\Lib\site-packages\django\core\handlers\base.py", line 204, in _get_response
    self.check_response(response, callback)
    ~~~~~~~~~~~~~~~~~~~^^^^^^^^^^^^^^^^^^^^
  File "C:\Users\SAMURAI\PycharmProjects\certular\.venv\Lib\site-packages\django\core\handlers\base.py", line 332, in check_response
    raise ValueError(
    ...<2 lines>...
    )
ValueError: The view reports_app.views.change_report_status didn't return an HttpResponse object. It returned None instead.
2025-01-27 19:25:04,787 django.server ERROR    "GET /reports/change/4/ HTTP/1.1" 500 70008
2025-01-27 19:25:17,845 django.server WARNING  "GET /static-root/modules/change_status.js HTTP/1.1" 404 2009
2025-01-27 19:25:21,767 django.request ERROR    Internal Server Error: /reports/change/4/
Traceback (most recent call last):
  File "C:\Users\SAMURAI\PycharmProjects\certular\.venv\Lib\site-packages\django\core\handlers\exception.py", line 55, in inner
    response = get_response(request)
  File "C:\Users\SAMURAI\PycharmProjects\certular\.venv\Lib\site-packages\django\core\handlers\base.py", line 204, in _get_response
    self.check_response(response, callback)
    ~~~~~~~~~~~~~~~~~~~^^^^^^^^^^^^^^^^^^^^
  File "C:\Users\SAMURAI\PycharmProjects\certular\.venv\Lib\site-packages\django\core\handlers\base.py", line 332, in check_response
    raise ValueError(
    ...<2 lines>...
    )
ValueError: The view reports_app.views.change_report_status didn't return an HttpResponse object. It returned None instead.
2025-01-27 19:25:21,768 django.server ERROR    "GET /reports/change/4/ HTTP/1.1" 500 70008
2025-01-27 19:26:58,793 django.server WARNING  "GET /static-root/js/bootstrap.bundle.js.map HTTP/1.1" 404 2015
2025-01-27 19:27:52,462 django.server WARNING  "GET /static-root/modules/change_status.js HTTP/1.1" 404 2009
2025-01-27 19:27:53,945 django.server WARNING  "GET /static-root/js/bootstrap.bundle.js.map HTTP/1.1" 404 2015
2025-01-27 19:28:45,069 django.server WARNING  "GET /static-root/js/bootstrap.bundle.js.map HTTP/1.1" 404 2015
2025-01-27 19:29:00,274 django.request WARNING  Bad Request: /reports/change/5/
2025-01-27 19:29:00,275 django.server WARNING  "POST /reports/change/5/ HTTP/1.1" 400 25
2025-01-27 19:29:01,398 django.request WARNING  Bad Request: /reports/change/5/
2025-01-27 19:29:01,399 django.server WARNING  "POST /reports/change/5/ HTTP/1.1" 400 25
2025-01-27 19:29:02,197 django.request WARNING  Bad Request: /reports/change/5/
2025-01-27 19:29:02,198 django.server WARNING  "POST /reports/change/5/ HTTP/1.1" 400 25
2025-01-27 19:29:02,755 django.request WARNING  Bad Request: /reports/change/5/
2025-01-27 19:29:02,756 django.server WARNING  "POST /reports/change/5/ HTTP/1.1" 400 25
2025-01-27 19:29:03,180 django.request WARNING  Bad Request: /reports/change/5/
2025-01-27 19:29:03,180 django.server WARNING  "POST /reports/change/5/ HTTP/1.1" 400 25
2025-01-27 19:29:03,383 django.request WARNING  Bad Request: /reports/change/5/
2025-01-27 19:29:03,384 django.server WARNING  "POST /reports/change/5/ HTTP/1.1" 400 25
2025-01-27 19:29:03,547 django.request WARNING  Bad Request: /reports/change/5/
2025-01-27 19:29:03,548 django.server WARNING  "POST /reports/change/5/ HTTP/1.1" 400 25
2025-01-27 19:29:03,713 django.request WARNING  Bad Request: /reports/change/5/
2025-01-27 19:29:03,714 django.server WARNING  "POST /reports/change/5/ HTTP/1.1" 400 25
2025-01-27 19:29:04,301 django.request WARNING  Bad Request: /reports/change/5/
2025-01-27 19:29:04,314 django.server WARNING  "POST /reports/change/5/ HTTP/1.1" 400 25
2025-01-27 19:29:37,068 django.request WARNING  Bad Request: /reports/change/5/
2025-01-27 19:29:37,069 django.server WARNING  "POST /reports/change/5/ HTTP/1.1" 400 25
2025-01-28 09:22:56,917 django.request WARNING  Not Found: /favicon.ico
2025-01-28 09:22:56,918 django.server WARNING  "GET /favicon.ico HTTP/1.1" 404 4736
2025-01-28 09:23:20,508 django.request WARNING  Bad Request: /reports/change/5/
2025-01-28 09:23:20,508 django.server WARNING  "POST /reports/change/5/ HTTP/1.1" 400 25
2025-01-28 09:23:21,535 django.request WARNING  Bad Request: /reports/change/5/
2025-01-28 09:23:21,536 django.server WARNING  "POST /reports/change/5/ HTTP/1.1" 400 25
2025-01-28 09:25:24,177 django.request WARNING  Bad Request: /reports/change/5/
2025-01-28 09:25:24,178 django.server WARNING  "POST /reports/change/5/ HTTP/1.1" 400 25
2025-01-28 09:26:46,055 django.request WARNING  Bad Request: /reports/change/5/
2025-01-28 09:26:46,055 django.server WARNING  "POST /reports/change/5/ HTTP/1.1" 400 25
2025-01-28 09:27:14,331 django.server WARNING  "GET /static-root/js/bootstrap.bundle.js.map HTTP/1.1" 404 2015
2025-01-28 09:33:39,984 django.request WARNING  Method Not Allowed (POST): /reports/
2025-01-28 09:33:39,984 django.request WARNING  Method Not Allowed: /reports/
2025-01-28 09:33:39,985 django.server WARNING  "POST /reports/ HTTP/1.1" 405 0
2025-01-28 09:38:21,118 django.request WARNING  Method Not Allowed (POST): /reports/
2025-01-28 09:38:21,119 django.request WARNING  Method Not Allowed: /reports/
2025-01-28 09:38:21,119 django.server WARNING  "POST /reports/ HTTP/1.1" 405 0
2025-01-28 12:06:44,987 django.request ERROR    Internal Server Error: /
Traceback (most recent call last):
  File "C:\Users\SAMURAI\PycharmProjects\certular\.venv\Lib\site-packages\django\utils\translation\__init__.py", line 273, in get_language_info
    lang_info = LANG_INFO[lang_code]
                ~~~~~~~~~^^^^^^^^^^^
KeyError: 'kg'

During handling of the above exception, another exception occurred:

Traceback (most recent call last):
  File "C:\Users\SAMURAI\PycharmProjects\certular\.venv\Lib\site-packages\django\core\handlers\exception.py", line 55, in inner
    response = get_response(request)
  File "C:\Users\SAMURAI\PycharmProjects\certular\.venv\Lib\site-packages\django\core\handlers\base.py", line 220, in _get_response
    response = response.render()
  File "C:\Users\SAMURAI\PycharmProjects\certular\.venv\Lib\site-packages\django\template\response.py", line 114, in render
    self.content = self.rendered_content
                   ^^^^^^^^^^^^^^^^^^^^^
  File "C:\Users\SAMURAI\PycharmProjects\certular\.venv\Lib\site-packages\django\template\response.py", line 92, in rendered_content
    return template.render(context, self._request)
           ~~~~~~~~~~~~~~~^^^^^^^^^^^^^^^^^^^^^^^^
  File "C:\Users\SAMURAI\PycharmProjects\certular\.venv\Lib\site-packages\django\template\backends\django.py", line 107, in render
    return self.template.render(context)
           ~~~~~~~~~~~~~~~~~~~~^^^^^^^^^
  File "C:\Users\SAMURAI\PycharmProjects\certular\.venv\Lib\site-packages\django\template\base.py", line 171, in render
    return self._render(context)
           ~~~~~~~~~~~~^^^^^^^^^
  File "C:\Users\SAMURAI\PycharmProjects\certular\.venv\Lib\site-packages\django\template\base.py", line 163, in _render
    return self.nodelist.render(context)
           ~~~~~~~~~~~~~~~~~~~~^^^^^^^^^
  File "C:\Users\SAMURAI\PycharmProjects\certular\.venv\Lib\site-packages\django\template\base.py", line 1008, in render
    return SafeString("".join([node.render_annotated(context) for node in self]))
                               ~~~~~~~~~~~~~~~~~~~~~^^^^^^^^^
  File "C:\Users\SAMURAI\PycharmProjects\certular\.venv\Lib\site-packages\django\template\base.py", line 969, in render_annotated
    return self.render(context)
           ~~~~~~~~~~~^^^^^^^^^
  File "C:\Users\SAMURAI\PycharmProjects\certular\.venv\Lib\site-packages\django\template\loader_tags.py", line 159, in render
    return compiled_parent._render(context)
           ~~~~~~~~~~~~~~~~~~~~~~~^^^^^^^^^
  File "C:\Users\SAMURAI\PycharmProjects\certular\.venv\Lib\site-packages\django\template\base.py", line 163, in _render
    return self.nodelist.render(context)
           ~~~~~~~~~~~~~~~~~~~~^^^^^^^^^
  File "C:\Users\SAMURAI\PycharmProjects\certular\.venv\Lib\site-packages\django\template\base.py", line 1008, in render
    return SafeString("".join([node.render_annotated(context) for node in self]))
                               ~~~~~~~~~~~~~~~~~~~~~^^^^^^^^^
  File "C:\Users\SAMURAI\PycharmProjects\certular\.venv\Lib\site-packages\django\template\base.py", line 969, in render_annotated
    return self.render(context)
           ~~~~~~~~~~~^^^^^^^^^
  File "C:\Users\SAMURAI\PycharmProjects\certular\.venv\Lib\site-packages\django\templatetags\i18n.py", line 50, in render
    context[self.variable] = [self.get_language_info(lang) for lang in langs]
                              ~~~~~~~~~~~~~~~~~~~~~~^^^^^^
  File "C:\Users\SAMURAI\PycharmProjects\certular\.venv\Lib\site-packages\django\templatetags\i18n.py", line 44, in get_language_info
    return translation.get_language_info(language[0])
           ~~~~~~~~~~~~~~~~~~~~~~~~~~~~~^^^^^^^^^^^^^
  File "C:\Users\SAMURAI\PycharmProjects\certular\.venv\Lib\site-packages\django\utils\translation\__init__.py", line 280, in get_language_info
    raise KeyError("Unknown language code %s." % lang_code)
KeyError: 'Unknown language code kg.'
2025-01-28 12:06:44,990 django.server ERROR    "GET / HTTP/1.1" 500 157620
2025-01-28 12:06:45,108 django.request WARNING  Not Found: /favicon.ico
2025-01-28 12:06:45,108 django.server WARNING  "GET /favicon.ico HTTP/1.1" 404 4733
2025-01-28 12:11:28,855 django.request WARNING  Method Not Allowed (POST): /
2025-01-28 12:11:28,856 django.request WARNING  Method Not Allowed: /
2025-01-28 12:11:28,857 django.server WARNING  "POST / HTTP/1.1" 405 0
2025-01-28 12:11:32,867 django.request WARNING  Method Not Allowed (POST): /
2025-01-28 12:11:32,867 django.request WARNING  Method Not Allowed: /
2025-01-28 12:11:32,868 django.server WARNING  "POST / HTTP/1.1" 405 0
2025-01-28 12:19:10,685 django.server WARNING  "GET /static-root/js/bootstrap.bundle.js.map HTTP/1.1" 404 2015
2025-01-28 12:19:29,307 django.request WARNING  Method Not Allowed (POST): /
2025-01-28 12:19:29,308 django.request WARNING  Method Not Allowed: /
2025-01-28 12:19:29,309 django.server WARNING  "POST / HTTP/1.1" 405 0
2025-01-28 14:17:07,754 django.request WARNING  Not Found: /favicon.ico
2025-01-28 14:17:07,755 django.server WARNING  "GET /favicon.ico HTTP/1.1" 404 4733
2025-01-28 14:17:11,805 django.request WARNING  Method Not Allowed (POST): /
2025-01-28 14:17:11,806 django.request WARNING  Method Not Allowed: /
2025-01-28 14:17:11,806 django.server WARNING  "POST / HTTP/1.1" 405 0
2025-01-28 14:19:34,845 django.server WARNING  "GET /static-root/js/bootstrap.bundle.js.map HTTP/1.1" 404 2015
2025-01-28 14:23:14,799 django.request WARNING  Method Not Allowed (POST): /
2025-01-28 14:23:14,799 django.request WARNING  Method Not Allowed: /
2025-01-28 14:23:14,800 django.server WARNING  "POST / HTTP/1.1" 405 0
2025-01-28 14:24:19,196 django.request WARNING  Method Not Allowed (POST): /
2025-01-28 14:24:19,210 django.request WARNING  Method Not Allowed: /
2025-01-28 14:24:19,212 django.server WARNING  "POST / HTTP/1.1" 405 0
2025-01-28 14:24:27,975 django.request WARNING  Not Found: /ru-ru/admin/
2025-01-28 14:24:27,976 django.server WARNING  "GET /ru-ru/admin/ HTTP/1.1" 404 4733
2025-01-28 14:24:39,336 django.request WARNING  Not Found: /ru-ru/admin/
2025-01-28 14:24:39,338 django.server WARNING  "GET /ru-ru/admin/ HTTP/1.1" 404 4733
2025-01-28 14:29:40,646 django.request WARNING  Not Found: /ru-ru/admin/
2025-01-28 14:29:40,647 django.server WARNING  "GET /ru-ru/admin/ HTTP/1.1" 404 4887
2025-01-28 14:29:41,211 django.request WARNING  Not Found: /ru-ru/admin/
2025-01-28 14:29:41,211 django.server WARNING  "GET /ru-ru/admin/ HTTP/1.1" 404 4887
2025-01-28 15:09:12,215 django.request WARNING  Not Found: /favicon.ico
2025-01-28 15:09:12,215 django.server WARNING  "GET /favicon.ico HTTP/1.1" 404 2999
2025-01-28 15:09:16,318 django.request WARNING  Method Not Allowed (POST): /ru/
2025-01-28 15:09:16,319 django.request WARNING  Method Not Allowed: /ru/
2025-01-28 15:09:16,319 django.server WARNING  "POST /ru/ HTTP/1.1" 405 0
2025-01-28 15:09:20,797 django.request WARNING  Method Not Allowed (POST): /ru/
2025-01-28 15:09:20,798 django.request WARNING  Method Not Allowed: /ru/
2025-01-28 15:09:20,798 django.server WARNING  "POST /ru/ HTTP/1.1" 405 0
2025-01-28 15:36:03,023 django.server WARNING  "GET /static-root/js/bootstrap.bundle.js.map HTTP/1.1" 404 2015
2025-01-28 15:36:27,035 django.server WARNING  "GET /static-root/js/bootstrap.bundle.js.map HTTP/1.1" 404 2015
2025-01-28 15:38:14,945 django.server WARNING  "GET /static-root/js/bootstrap.bundle.js.map HTTP/1.1" 404 2015
2025-01-28 17:13:45,835 django.request WARNING  Not Found: /ru/
2025-01-28 17:13:45,836 django.server WARNING  "GET /ru/ HTTP/1.1" 404 2978
2025-01-28 17:13:53,389 django.request WARNING  Not Found: /ru/accounts/logout/
2025-01-28 17:13:53,390 django.server WARNING  "GET /ru/accounts/logout/ HTTP/1.1" 404 3026
2025-01-28 17:17:07,396 django.request WARNING  Not Found: /ru/reports/
2025-01-28 17:17:07,396 django.server WARNING  "GET /ru/reports/ HTTP/1.1" 404 4525
2025-01-28 17:17:13,753 django.request WARNING  Not Found: /i18n/setlang/-ru/
2025-01-28 17:17:13,754 django.server WARNING  "GET /i18n/setlang/-ru/ HTTP/1.1" 404 4662
2025-01-28 17:17:32,290 django.request WARNING  Not Found: /i18n/setlang/-ru/
2025-01-28 17:17:32,290 django.server WARNING  "GET /i18n/setlang/-ru/ HTTP/1.1" 404 3139
2025-01-28 17:17:32,683 django.request WARNING  Not Found: /i18n/setlang/-ru/
2025-01-28 17:17:32,684 django.server WARNING  "GET /i18n/setlang/-ru/ HTTP/1.1" 404 3139
2025-01-28 17:17:40,995 django.request WARNING  Not Found: /i18n/setlang/-ru/
2025-01-28 17:17:40,996 django.server WARNING  "GET /i18n/setlang/-ru/ HTTP/1.1" 404 3139
2025-01-28 17:18:12,822 django.request WARNING  Not Found: /i18n/setlang/-ru/
2025-01-28 17:18:12,823 django.server WARNING  "GET /i18n/setlang/-ru/ HTTP/1.1" 404 3139
2025-01-28 17:18:53,408 django.server WARNING  "GET /static-root/js/bootstrap.bundle.js.map HTTP/1.1" 404 2015
2025-01-28 17:19:00,492 django.request WARNING  Not Found: /i18n/setlang/-ru/
2025-01-28 17:19:00,493 django.server WARNING  "GET /i18n/setlang/-ru/ HTTP/1.1" 404 3139
2025-01-28 17:19:05,106 django.server WARNING  "GET /static-root/js/bootstrap.bundle.js.map HTTP/1.1" 404 2015
2025-01-28 17:19:08,088 django.request WARNING  Not Found: /i18n/setlang/-ru/
2025-01-28 17:19:08,090 django.server WARNING  "GET /i18n/setlang/-ru/ HTTP/1.1" 404 3139
2025-01-28 17:20:18,207 django.server WARNING  "GET /static-root/js/bootstrap.bundle.js.map HTTP/1.1" 404 2015
2025-01-28 17:20:19,465 django.server WARNING  "GET /static-root/js/bootstrap.bundle.js.map HTTP/1.1" 404 2015
2025-01-28 17:20:26,088 django.request WARNING  Method Not Allowed (POST): /ru-ru/
2025-01-28 17:20:26,089 django.request WARNING  Method Not Allowed: /ru-ru/
2025-01-28 17:20:26,089 django.server WARNING  "POST /ru-ru/ HTTP/1.1" 405 0
2025-01-28 17:20:29,483 django.request WARNING  Method Not Allowed (POST): /ru-ru/
2025-01-28 17:20:29,484 django.request WARNING  Method Not Allowed: /ru-ru/
2025-01-28 17:20:29,485 django.server WARNING  "POST /ru-ru/ HTTP/1.1" 405 0
2025-01-28 17:21:37,994 django.request WARNING  Not Found: /i18n/setlang/-ru/
2025-01-28 17:21:37,995 django.server WARNING  "GET /i18n/setlang/-ru/ HTTP/1.1" 404 3139
2025-01-28 17:22:52,596 django.request WARNING  Not Found: /ru-ru/accounts/login/
2025-01-28 17:22:52,597 django.server WARNING  "POST /ru-ru/accounts/login/ HTTP/1.1" 404 5971
2025-01-28 17:22:56,958 django.request WARNING  Not Found: /ru-ru/accounts/login/
2025-01-28 17:22:56,959 django.server WARNING  "POST /ru-ru/accounts/login/ HTTP/1.1" 404 5971
2025-01-28 17:22:58,028 django.request WARNING  Not Found: /ru-ru/accounts/login/
2025-01-28 17:22:58,040 django.server WARNING  "POST /ru-ru/accounts/login/ HTTP/1.1" 404 5971
2025-01-28 17:22:59,213 django.request WARNING  Not Found: /ru-ru/accounts/login/
2025-01-28 17:22:59,213 django.server WARNING  "POST /ru-ru/accounts/login/ HTTP/1.1" 404 5971
2025-01-28 17:22:59,381 django.request WARNING  Not Found: /ru-ru/accounts/login/
2025-01-28 17:22:59,399 django.server WARNING  "POST /ru-ru/accounts/login/ HTTP/1.1" 404 5971
2025-01-28 17:22:59,552 django.request WARNING  Not Found: /ru-ru/accounts/login/
2025-01-28 17:22:59,553 django.server WARNING  "POST /ru-ru/accounts/login/ HTTP/1.1" 404 5971
2025-01-28 17:23:00,317 django.request WARNING  Not Found: /ru-ru/accounts/login/
2025-01-28 17:23:00,317 django.server WARNING  "POST /ru-ru/accounts/login/ HTTP/1.1" 404 5971
2025-01-28 17:23:01,306 django.request WARNING  Not Found: /ru-ru/accounts/login/
2025-01-28 17:23:01,307 django.server WARNING  "POST /ru-ru/accounts/login/ HTTP/1.1" 404 5971
2025-01-28 17:23:03,310 django.request WARNING  Not Found: /ru-ru/accounts/login/
2025-01-28 17:23:03,310 django.server WARNING  "POST /ru-ru/accounts/login/ HTTP/1.1" 404 5971
2025-01-28 17:23:03,807 django.request WARNING  Not Found: /ru-ru/accounts/login/
2025-01-28 17:23:03,808 django.server WARNING  "POST /ru-ru/accounts/login/ HTTP/1.1" 404 5971
2025-01-28 17:23:04,132 django.request WARNING  Not Found: /ru-ru/accounts/login/
2025-01-28 17:23:04,133 django.server WARNING  "POST /ru-ru/accounts/login/ HTTP/1.1" 404 5971
2025-01-28 17:23:09,800 django.server WARNING  "GET /static-root/js/bootstrap.bundle.js.map HTTP/1.1" 404 2015
2025-01-28 17:23:52,260 django.request WARNING  Not Found: /i18n/setlang/-ru/
2025-01-28 17:23:52,261 django.server WARNING  "GET /i18n/setlang/-ru/ HTTP/1.1" 404 3139
2025-01-28 17:23:57,547 django.request WARNING  Not Found: /ru-ru/
2025-01-28 17:23:57,548 django.server WARNING  "GET /ru-ru/ HTTP/1.1" 404 2984
2025-01-28 17:24:58,108 django.request ERROR    Internal Server Error: /en/
Traceback (most recent call last):
  File "C:\Users\SAMURAI\PycharmProjects\certular\.venv\Lib\site-packages\django\core\handlers\exception.py", line 55, in inner
    response = get_response(request)
  File "C:\Users\SAMURAI\PycharmProjects\certular\.venv\Lib\site-packages\django\core\handlers\base.py", line 220, in _get_response
    response = response.render()
  File "C:\Users\SAMURAI\PycharmProjects\certular\.venv\Lib\site-packages\django\template\response.py", line 114, in render
    self.content = self.rendered_content
                   ^^^^^^^^^^^^^^^^^^^^^
  File "C:\Users\SAMURAI\PycharmProjects\certular\.venv\Lib\site-packages\django\template\response.py", line 92, in rendered_content
    return template.render(context, self._request)
           ~~~~~~~~~~~~~~~^^^^^^^^^^^^^^^^^^^^^^^^
  File "C:\Users\SAMURAI\PycharmProjects\certular\.venv\Lib\site-packages\django\template\backends\django.py", line 107, in render
    return self.template.render(context)
           ~~~~~~~~~~~~~~~~~~~~^^^^^^^^^
  File "C:\Users\SAMURAI\PycharmProjects\certular\.venv\Lib\site-packages\django\template\base.py", line 171, in render
    return self._render(context)
           ~~~~~~~~~~~~^^^^^^^^^
  File "C:\Users\SAMURAI\PycharmProjects\certular\.venv\Lib\site-packages\django\template\base.py", line 163, in _render
    return self.nodelist.render(context)
           ~~~~~~~~~~~~~~~~~~~~^^^^^^^^^
  File "C:\Users\SAMURAI\PycharmProjects\certular\.venv\Lib\site-packages\django\template\base.py", line 1008, in render
    return SafeString("".join([node.render_annotated(context) for node in self]))
                               ~~~~~~~~~~~~~~~~~~~~~^^^^^^^^^
  File "C:\Users\SAMURAI\PycharmProjects\certular\.venv\Lib\site-packages\django\template\base.py", line 969, in render_annotated
    return self.render(context)
           ~~~~~~~~~~~^^^^^^^^^
  File "C:\Users\SAMURAI\PycharmProjects\certular\.venv\Lib\site-packages\django\template\loader_tags.py", line 159, in render
    return compiled_parent._render(context)
           ~~~~~~~~~~~~~~~~~~~~~~~^^^^^^^^^
  File "C:\Users\SAMURAI\PycharmProjects\certular\.venv\Lib\site-packages\django\template\base.py", line 163, in _render
    return self.nodelist.render(context)
           ~~~~~~~~~~~~~~~~~~~~^^^^^^^^^
  File "C:\Users\SAMURAI\PycharmProjects\certular\.venv\Lib\site-packages\django\template\base.py", line 1008, in render
    return SafeString("".join([node.render_annotated(context) for node in self]))
                               ~~~~~~~~~~~~~~~~~~~~~^^^^^^^^^
  File "C:\Users\SAMURAI\PycharmProjects\certular\.venv\Lib\site-packages\django\template\base.py", line 969, in render_annotated
    return self.render(context)
           ~~~~~~~~~~~^^^^^^^^^
  File "C:\Users\SAMURAI\PycharmProjects\certular\.venv\Lib\site-packages\django\template\defaulttags.py", line 480, in render
    url = reverse(view_name, args=args, kwargs=kwargs, current_app=current_app)
  File "C:\Users\SAMURAI\PycharmProjects\certular\.venv\Lib\site-packages\django\urls\base.py", line 88, in reverse
    return resolver._reverse_with_prefix(view, prefix, *args, **kwargs)
           ~~~~~~~~~~~~~~~~~~~~~~~~~~~~~^^^^^^^^^^^^^^^^^^^^^^^^^^^^^^^
  File "C:\Users\SAMURAI\PycharmProjects\certular\.venv\Lib\site-packages\django\urls\resolvers.py", line 831, in _reverse_with_prefix
    raise NoReverseMatch(msg)
django.urls.exceptions.NoReverseMatch: Reverse for 'set_language' not found. 'set_language' is not a valid view function or pattern name.
2025-01-28 17:24:58,111 django.server ERROR    "GET /en/ HTTP/1.1" 500 145414
2025-01-28 17:26:22,272 django.request WARNING  Not Found: /en/
2025-01-28 17:26:22,273 django.server WARNING  "GET /en/ HTTP/1.1" 404 2978
2025-01-28 17:30:44,396 django.request WARNING  Not Found: /ru/accounts/logout/
2025-01-28 17:30:44,397 django.server WARNING  "GET /ru/accounts/logout/ HTTP/1.1" 404 3026
2025-01-28 17:31:38,590 django.request WARNING  Not Found: /ru/contacts/
2025-01-28 17:31:38,590 django.server WARNING  "GET /ru/contacts/ HTTP/1.1" 404 3005
2025-01-28 17:31:43,080 django.request WARNING  Not Found: /ru/news/
2025-01-28 17:31:43,080 django.server WARNING  "GET /ru/news/ HTTP/1.1" 404 2993
2025-01-28 17:33:25,033 django.request WARNING  Not Found: /ru/
2025-01-28 17:33:25,034 django.server WARNING  "GET /ru/ HTTP/1.1" 404 2978
2025-01-28 17:33:25,447 django.request WARNING  Not Found: /ru/
2025-01-28 17:33:25,447 django.server WARNING  "GET /ru/ HTTP/1.1" 404 2978
2025-01-28 17:33:30,344 django.request WARNING  Not Found: /ru/
2025-01-28 17:33:30,344 django.server WARNING  "GET /ru/ HTTP/1.1" 404 2978
2025-01-28 17:33:30,571 django.request WARNING  Not Found: /ru/
2025-01-28 17:33:30,572 django.server WARNING  "GET /ru/ HTTP/1.1" 404 2978
2025-01-28 17:33:30,740 django.request WARNING  Not Found: /ru/
2025-01-28 17:33:30,741 django.server WARNING  "GET /ru/ HTTP/1.1" 404 2978
2025-01-28 17:33:30,917 django.request WARNING  Not Found: /ru/
2025-01-28 17:33:30,917 django.server WARNING  "GET /ru/ HTTP/1.1" 404 2978
2025-01-28 17:33:56,015 django.request WARNING  Not Found: /ru-ru/news/
2025-01-28 17:33:56,015 django.server WARNING  "GET /ru-ru/news/ HTTP/1.1" 404 2999
2025-01-28 17:34:11,662 django.request WARNING  Not Found: /ru-ru/news/
2025-01-28 17:34:11,663 django.server WARNING  "GET /ru-ru/news/ HTTP/1.1" 404 2999
2025-01-28 17:34:55,039 django.request WARNING  Not Found: /ru-ru/about/
2025-01-28 17:34:55,040 django.server WARNING  "GET /ru-ru/about/ HTTP/1.1" 404 3002
2025-01-28 17:35:00,762 django.request WARNING  Not Found: /ru-ru/about/
2025-01-28 17:35:00,763 django.server WARNING  "GET /ru-ru/about/ HTTP/1.1" 404 3002
2025-01-28 17:35:40,833 django.request WARNING  Not Found: /ky/
2025-01-28 17:35:40,835 django.server WARNING  "GET /ky/ HTTP/1.1" 404 2975
2025-01-28 17:37:10,060 django.server WARNING  "GET /static-root/js/bootstrap.bundle.js.map HTTP/1.1" 404 2015
2025-01-28 17:37:28,919 django.server WARNING  "GET /static-root/js/bootstrap.bundle.js.map HTTP/1.1" 404 2015
2025-01-28 17:39:35,791 django.request ERROR    Internal Server Error: /en/reports/change/5/
Traceback (most recent call last):
  File "C:\Users\SAMURAI\PycharmProjects\certular\.venv\Lib\site-packages\django\core\handlers\exception.py", line 55, in inner
    response = get_response(request)
  File "C:\Users\SAMURAI\PycharmProjects\certular\.venv\Lib\site-packages\django\core\handlers\base.py", line 204, in _get_response
    self.check_response(response, callback)
    ~~~~~~~~~~~~~~~~~~~^^^^^^^^^^^^^^^^^^^^
  File "C:\Users\SAMURAI\PycharmProjects\certular\.venv\Lib\site-packages\django\core\handlers\base.py", line 332, in check_response
    raise ValueError(
    ...<2 lines>...
    )
ValueError: The view reports_app.views.change_report_status didn't return an HttpResponse object. It returned None instead.
2025-01-28 17:39:35,795 django.server ERROR    "GET /en/reports/change/5/ HTTP/1.1" 500 66325
2025-01-28 17:39:38,318 django.request ERROR    Internal Server Error: /en/reports/change/5/
Traceback (most recent call last):
  File "C:\Users\SAMURAI\PycharmProjects\certular\.venv\Lib\site-packages\django\core\handlers\exception.py", line 55, in inner
    response = get_response(request)
  File "C:\Users\SAMURAI\PycharmProjects\certular\.venv\Lib\site-packages\django\core\handlers\base.py", line 204, in _get_response
    self.check_response(response, callback)
    ~~~~~~~~~~~~~~~~~~~^^^^^^^^^^^^^^^^^^^^
  File "C:\Users\SAMURAI\PycharmProjects\certular\.venv\Lib\site-packages\django\core\handlers\base.py", line 332, in check_response
    raise ValueError(
    ...<2 lines>...
    )
ValueError: The view reports_app.views.change_report_status didn't return an HttpResponse object. It returned None instead.
2025-01-28 17:39:38,320 django.server ERROR    "GET /en/reports/change/5/ HTTP/1.1" 500 66325
2025-01-28 17:39:40,586 django.request ERROR    Internal Server Error: /en/reports/change/5/
Traceback (most recent call last):
  File "C:\Users\SAMURAI\PycharmProjects\certular\.venv\Lib\site-packages\django\core\handlers\exception.py", line 55, in inner
    response = get_response(request)
  File "C:\Users\SAMURAI\PycharmProjects\certular\.venv\Lib\site-packages\django\core\handlers\base.py", line 204, in _get_response
    self.check_response(response, callback)
    ~~~~~~~~~~~~~~~~~~~^^^^^^^^^^^^^^^^^^^^
  File "C:\Users\SAMURAI\PycharmProjects\certular\.venv\Lib\site-packages\django\core\handlers\base.py", line 332, in check_response
    raise ValueError(
    ...<2 lines>...
    )
ValueError: The view reports_app.views.change_report_status didn't return an HttpResponse object. It returned None instead.
2025-01-28 17:39:40,588 django.server ERROR    "GET /en/reports/change/5/ HTTP/1.1" 500 66325
2025-01-28 17:39:44,132 django.request ERROR    Internal Server Error: /en/reports/change/5/
Traceback (most recent call last):
  File "C:\Users\SAMURAI\PycharmProjects\certular\.venv\Lib\site-packages\django\core\handlers\exception.py", line 55, in inner
    response = get_response(request)
  File "C:\Users\SAMURAI\PycharmProjects\certular\.venv\Lib\site-packages\django\core\handlers\base.py", line 204, in _get_response
    self.check_response(response, callback)
    ~~~~~~~~~~~~~~~~~~~^^^^^^^^^^^^^^^^^^^^
  File "C:\Users\SAMURAI\PycharmProjects\certular\.venv\Lib\site-packages\django\core\handlers\base.py", line 332, in check_response
    raise ValueError(
    ...<2 lines>...
    )
ValueError: The view reports_app.views.change_report_status didn't return an HttpResponse object. It returned None instead.
2025-01-28 17:39:44,138 django.server ERROR    "GET /en/reports/change/5/ HTTP/1.1" 500 66325
2025-01-28 17:39:49,768 django.request ERROR    Internal Server Error: /en/reports/change/5/
Traceback (most recent call last):
  File "C:\Users\SAMURAI\PycharmProjects\certular\.venv\Lib\site-packages\django\core\handlers\exception.py", line 55, in inner
    response = get_response(request)
  File "C:\Users\SAMURAI\PycharmProjects\certular\.venv\Lib\site-packages\django\core\handlers\base.py", line 204, in _get_response
    self.check_response(response, callback)
    ~~~~~~~~~~~~~~~~~~~^^^^^^^^^^^^^^^^^^^^
  File "C:\Users\SAMURAI\PycharmProjects\certular\.venv\Lib\site-packages\django\core\handlers\base.py", line 332, in check_response
    raise ValueError(
    ...<2 lines>...
    )
ValueError: The view reports_app.views.change_report_status didn't return an HttpResponse object. It returned None instead.
2025-01-28 17:39:49,770 django.server ERROR    "GET /en/reports/change/5/ HTTP/1.1" 500 66325
2025-01-28 17:39:50,925 django.request ERROR    Internal Server Error: /en/reports/change/5/
Traceback (most recent call last):
  File "C:\Users\SAMURAI\PycharmProjects\certular\.venv\Lib\site-packages\django\core\handlers\exception.py", line 55, in inner
    response = get_response(request)
  File "C:\Users\SAMURAI\PycharmProjects\certular\.venv\Lib\site-packages\django\core\handlers\base.py", line 204, in _get_response
    self.check_response(response, callback)
    ~~~~~~~~~~~~~~~~~~~^^^^^^^^^^^^^^^^^^^^
  File "C:\Users\SAMURAI\PycharmProjects\certular\.venv\Lib\site-packages\django\core\handlers\base.py", line 332, in check_response
    raise ValueError(
    ...<2 lines>...
    )
ValueError: The view reports_app.views.change_report_status didn't return an HttpResponse object. It returned None instead.
2025-01-28 17:39:50,929 django.server ERROR    "GET /en/reports/change/5/ HTTP/1.1" 500 66325
2025-01-28 17:39:52,836 django.server WARNING  "GET /static-root/js/bootstrap.bundle.js.map HTTP/1.1" 404 2015
2025-01-28 17:41:20,904 django.request ERROR    Internal Server Error: /en/reports/change/5/
Traceback (most recent call last):
  File "C:\Users\SAMURAI\PycharmProjects\certular\.venv\Lib\site-packages\django\core\handlers\exception.py", line 55, in inner
    response = get_response(request)
  File "C:\Users\SAMURAI\PycharmProjects\certular\.venv\Lib\site-packages\django\core\handlers\base.py", line 204, in _get_response
    self.check_response(response, callback)
    ~~~~~~~~~~~~~~~~~~~^^^^^^^^^^^^^^^^^^^^
  File "C:\Users\SAMURAI\PycharmProjects\certular\.venv\Lib\site-packages\django\core\handlers\base.py", line 332, in check_response
    raise ValueError(
    ...<2 lines>...
    )
ValueError: The view reports_app.views.change_report_status didn't return an HttpResponse object. It returned None instead.
2025-01-28 17:41:20,905 django.server ERROR    "GET /en/reports/change/5/ HTTP/1.1" 500 66590
2025-01-28 17:44:57,758 django.request ERROR    Internal Server Error: /en/reports/change/5/
Traceback (most recent call last):
  File "C:\Users\SAMURAI\PycharmProjects\certular\.venv\Lib\site-packages\django\core\handlers\exception.py", line 55, in inner
    response = get_response(request)
  File "C:\Users\SAMURAI\PycharmProjects\certular\.venv\Lib\site-packages\django\core\handlers\base.py", line 204, in _get_response
    self.check_response(response, callback)
    ~~~~~~~~~~~~~~~~~~~^^^^^^^^^^^^^^^^^^^^
  File "C:\Users\SAMURAI\PycharmProjects\certular\.venv\Lib\site-packages\django\core\handlers\base.py", line 332, in check_response
    raise ValueError(
    ...<2 lines>...
    )
ValueError: The view reports_app.views.change_report_status didn't return an HttpResponse object. It returned None instead.
2025-01-28 17:44:57,759 django.server ERROR    "GET /en/reports/change/5/ HTTP/1.1" 500 66590
2025-01-28 17:45:01,907 django.request ERROR    Internal Server Error: /en/reports/change/5/
Traceback (most recent call last):
  File "C:\Users\SAMURAI\PycharmProjects\certular\.venv\Lib\site-packages\django\core\handlers\exception.py", line 55, in inner
    response = get_response(request)
  File "C:\Users\SAMURAI\PycharmProjects\certular\.venv\Lib\site-packages\django\core\handlers\base.py", line 204, in _get_response
    self.check_response(response, callback)
    ~~~~~~~~~~~~~~~~~~~^^^^^^^^^^^^^^^^^^^^
  File "C:\Users\SAMURAI\PycharmProjects\certular\.venv\Lib\site-packages\django\core\handlers\base.py", line 332, in check_response
    raise ValueError(
    ...<2 lines>...
    )
ValueError: The view reports_app.views.change_report_status didn't return an HttpResponse object. It returned None instead.
2025-01-28 17:45:01,909 django.server ERROR    "GET /en/reports/change/5/ HTTP/1.1" 500 66590
2025-01-28 17:45:02,093 django.request ERROR    Internal Server Error: /en/reports/change/5/
Traceback (most recent call last):
  File "C:\Users\SAMURAI\PycharmProjects\certular\.venv\Lib\site-packages\django\core\handlers\exception.py", line 55, in inner
    response = get_response(request)
  File "C:\Users\SAMURAI\PycharmProjects\certular\.venv\Lib\site-packages\django\core\handlers\base.py", line 204, in _get_response
    self.check_response(response, callback)
    ~~~~~~~~~~~~~~~~~~~^^^^^^^^^^^^^^^^^^^^
  File "C:\Users\SAMURAI\PycharmProjects\certular\.venv\Lib\site-packages\django\core\handlers\base.py", line 332, in check_response
    raise ValueError(
    ...<2 lines>...
    )
ValueError: The view reports_app.views.change_report_status didn't return an HttpResponse object. It returned None instead.
2025-01-28 17:45:02,099 django.server ERROR    "GET /en/reports/change/5/ HTTP/1.1" 500 66590
2025-01-28 17:45:02,264 django.request ERROR    Internal Server Error: /en/reports/change/5/
Traceback (most recent call last):
  File "C:\Users\SAMURAI\PycharmProjects\certular\.venv\Lib\site-packages\django\core\handlers\exception.py", line 55, in inner
    response = get_response(request)
  File "C:\Users\SAMURAI\PycharmProjects\certular\.venv\Lib\site-packages\django\core\handlers\base.py", line 204, in _get_response
    self.check_response(response, callback)
    ~~~~~~~~~~~~~~~~~~~^^^^^^^^^^^^^^^^^^^^
  File "C:\Users\SAMURAI\PycharmProjects\certular\.venv\Lib\site-packages\django\core\handlers\base.py", line 332, in check_response
    raise ValueError(
    ...<2 lines>...
    )
ValueError: The view reports_app.views.change_report_status didn't return an HttpResponse object. It returned None instead.
2025-01-28 17:45:02,273 django.server ERROR    "GET /en/reports/change/5/ HTTP/1.1" 500 66590
2025-01-28 17:45:08,639 django.request ERROR    Internal Server Error: /en/reports/change/5/
Traceback (most recent call last):
  File "C:\Users\SAMURAI\PycharmProjects\certular\.venv\Lib\site-packages\django\core\handlers\exception.py", line 55, in inner
    response = get_response(request)
  File "C:\Users\SAMURAI\PycharmProjects\certular\.venv\Lib\site-packages\django\core\handlers\base.py", line 204, in _get_response
    self.check_response(response, callback)
    ~~~~~~~~~~~~~~~~~~~^^^^^^^^^^^^^^^^^^^^
  File "C:\Users\SAMURAI\PycharmProjects\certular\.venv\Lib\site-packages\django\core\handlers\base.py", line 332, in check_response
    raise ValueError(
    ...<2 lines>...
    )
ValueError: The view reports_app.views.change_report_status didn't return an HttpResponse object. It returned None instead.
2025-01-28 17:45:08,641 django.server ERROR    "GET /en/reports/change/5/ HTTP/1.1" 500 66590
2025-01-28 17:46:24,636 django.request ERROR    Internal Server Error: /en/reports/change/5/
Traceback (most recent call last):
  File "C:\Users\SAMURAI\PycharmProjects\certular\.venv\Lib\site-packages\django\core\handlers\exception.py", line 55, in inner
    response = get_response(request)
  File "C:\Users\SAMURAI\PycharmProjects\certular\.venv\Lib\site-packages\django\core\handlers\base.py", line 204, in _get_response
    self.check_response(response, callback)
    ~~~~~~~~~~~~~~~~~~~^^^^^^^^^^^^^^^^^^^^
  File "C:\Users\SAMURAI\PycharmProjects\certular\.venv\Lib\site-packages\django\core\handlers\base.py", line 332, in check_response
    raise ValueError(
    ...<2 lines>...
    )
ValueError: The view reports_app.views.change_report_status didn't return an HttpResponse object. It returned None instead.
2025-01-28 17:46:24,638 django.server ERROR    "GET /en/reports/change/5/ HTTP/1.1" 500 66325
2025-01-28 17:47:14,003 django.server WARNING  "GET /static-root/js/bootstrap.bundle.js.map HTTP/1.1" 404 2015
2025-01-28 17:47:16,111 django.request ERROR    Internal Server Error: /en/reports/change/5/
Traceback (most recent call last):
  File "C:\Users\SAMURAI\PycharmProjects\certular\.venv\Lib\site-packages\django\core\handlers\exception.py", line 55, in inner
    response = get_response(request)
  File "C:\Users\SAMURAI\PycharmProjects\certular\.venv\Lib\site-packages\django\core\handlers\base.py", line 204, in _get_response
    self.check_response(response, callback)
    ~~~~~~~~~~~~~~~~~~~^^^^^^^^^^^^^^^^^^^^
  File "C:\Users\SAMURAI\PycharmProjects\certular\.venv\Lib\site-packages\django\core\handlers\base.py", line 332, in check_response
    raise ValueError(
    ...<2 lines>...
    )
ValueError: The view reports_app.views.change_report_status didn't return an HttpResponse object. It returned None instead.
2025-01-28 17:47:16,112 django.server ERROR    "GET /en/reports/change/5/ HTTP/1.1" 500 66590
2025-01-28 17:47:55,016 django.server WARNING  "GET /static-root/js/bootstrap.bundle.js.map HTTP/1.1" 404 2015
2025-01-28 17:47:57,219 django.request ERROR    Internal Server Error: /en/reports/change/5/
Traceback (most recent call last):
  File "C:\Users\SAMURAI\PycharmProjects\certular\.venv\Lib\site-packages\django\core\handlers\exception.py", line 55, in inner
    response = get_response(request)
  File "C:\Users\SAMURAI\PycharmProjects\certular\.venv\Lib\site-packages\django\core\handlers\base.py", line 204, in _get_response
    self.check_response(response, callback)
    ~~~~~~~~~~~~~~~~~~~^^^^^^^^^^^^^^^^^^^^
  File "C:\Users\SAMURAI\PycharmProjects\certular\.venv\Lib\site-packages\django\core\handlers\base.py", line 332, in check_response
    raise ValueError(
    ...<2 lines>...
    )
ValueError: The view reports_app.views.change_report_status didn't return an HttpResponse object. It returned None instead.
2025-01-28 17:47:57,221 django.server ERROR    "GET /en/reports/change/5/ HTTP/1.1" 500 66590
2025-01-28 17:49:38,359 django.server WARNING  "GET /static-root/js/bootstrap.bundle.js.map HTTP/1.1" 404 2015
2025-01-28 17:49:48,623 django.server WARNING  "GET /static-root/js/bootstrap.bundle.js.map HTTP/1.1" 404 2015
2025-01-28 17:50:08,788 django.server WARNING  "GET /static-root/js/bootstrap.bundle.js.map HTTP/1.1" 404 2015
2025-01-28 18:03:02,163 django.server WARNING  "GET /static-root/js/bootstrap.bundle.js.map HTTP/1.1" 404 2015
2025-01-28 18:04:51,065 django.server WARNING  "GET /static-root/js/bootstrap.bundle.js.map HTTP/1.1" 404 2015
2025-01-28 18:05:05,081 django.server WARNING  "GET /static-root/js/bootstrap.bundle.js.map HTTP/1.1" 404 2015
2025-01-28 18:37:18,340 django.request ERROR    Internal Server Error: /ru/reports/
Traceback (most recent call last):
  File "C:\Users\SAMURAI\PycharmProjects\certular\.venv\Lib\site-packages\django\core\handlers\exception.py", line 55, in inner
    response = get_response(request)
  File "C:\Users\SAMURAI\PycharmProjects\certular\.venv\Lib\site-packages\django\core\handlers\base.py", line 220, in _get_response
    response = response.render()
  File "C:\Users\SAMURAI\PycharmProjects\certular\.venv\Lib\site-packages\django\template\response.py", line 114, in render
    self.content = self.rendered_content
                   ^^^^^^^^^^^^^^^^^^^^^
  File "C:\Users\SAMURAI\PycharmProjects\certular\.venv\Lib\site-packages\django\template\response.py", line 92, in rendered_content
    return template.render(context, self._request)
           ~~~~~~~~~~~~~~~^^^^^^^^^^^^^^^^^^^^^^^^
  File "C:\Users\SAMURAI\PycharmProjects\certular\.venv\Lib\site-packages\django\template\backends\django.py", line 107, in render
    return self.template.render(context)
           ~~~~~~~~~~~~~~~~~~~~^^^^^^^^^
  File "C:\Users\SAMURAI\PycharmProjects\certular\.venv\Lib\site-packages\django\template\base.py", line 171, in render
    return self._render(context)
           ~~~~~~~~~~~~^^^^^^^^^
  File "C:\Users\SAMURAI\PycharmProjects\certular\.venv\Lib\site-packages\django\template\base.py", line 163, in _render
    return self.nodelist.render(context)
           ~~~~~~~~~~~~~~~~~~~~^^^^^^^^^
  File "C:\Users\SAMURAI\PycharmProjects\certular\.venv\Lib\site-packages\django\template\base.py", line 1008, in render
    return SafeString("".join([node.render_annotated(context) for node in self]))
                               ~~~~~~~~~~~~~~~~~~~~~^^^^^^^^^
  File "C:\Users\SAMURAI\PycharmProjects\certular\.venv\Lib\site-packages\django\template\base.py", line 969, in render_annotated
    return self.render(context)
           ~~~~~~~~~~~^^^^^^^^^
  File "C:\Users\SAMURAI\PycharmProjects\certular\.venv\Lib\site-packages\django\template\loader_tags.py", line 159, in render
    return compiled_parent._render(context)
           ~~~~~~~~~~~~~~~~~~~~~~~^^^^^^^^^
  File "C:\Users\SAMURAI\PycharmProjects\certular\.venv\Lib\site-packages\django\template\base.py", line 163, in _render
    return self.nodelist.render(context)
           ~~~~~~~~~~~~~~~~~~~~^^^^^^^^^
  File "C:\Users\SAMURAI\PycharmProjects\certular\.venv\Lib\site-packages\django\template\base.py", line 1008, in render
    return SafeString("".join([node.render_annotated(context) for node in self]))
                               ~~~~~~~~~~~~~~~~~~~~~^^^^^^^^^
  File "C:\Users\SAMURAI\PycharmProjects\certular\.venv\Lib\site-packages\django\template\base.py", line 969, in render_annotated
    return self.render(context)
           ~~~~~~~~~~~^^^^^^^^^
  File "C:\Users\SAMURAI\PycharmProjects\certular\.venv\Lib\site-packages\django\template\loader_tags.py", line 65, in render
    result = block.nodelist.render(context)
  File "C:\Users\SAMURAI\PycharmProjects\certular\.venv\Lib\site-packages\django\template\base.py", line 1008, in render
    return SafeString("".join([node.render_annotated(context) for node in self]))
                               ~~~~~~~~~~~~~~~~~~~~~^^^^^^^^^
  File "C:\Users\SAMURAI\PycharmProjects\certular\.venv\Lib\site-packages\django\template\base.py", line 969, in render_annotated
    return self.render(context)
           ~~~~~~~~~~~^^^^^^^^^
  File "C:\Users\SAMURAI\PycharmProjects\certular\.venv\Lib\site-packages\django\template\defaulttags.py", line 327, in render
    return nodelist.render(context)
           ~~~~~~~~~~~~~~~^^^^^^^^^
  File "C:\Users\SAMURAI\PycharmProjects\certular\.venv\Lib\site-packages\django\template\base.py", line 1008, in render
    return SafeString("".join([node.render_annotated(context) for node in self]))
                               ~~~~~~~~~~~~~~~~~~~~~^^^^^^^^^
  File "C:\Users\SAMURAI\PycharmProjects\certular\.venv\Lib\site-packages\django\template\base.py", line 969, in render_annotated
    return self.render(context)
           ~~~~~~~~~~~^^^^^^^^^
  File "C:\Users\SAMURAI\PycharmProjects\certular\.venv\Lib\site-packages\django\template\defaulttags.py", line 243, in render
    nodelist.append(node.render_annotated(context))
                    ~~~~~~~~~~~~~~~~~~~~~^^^^^^^^^
  File "C:\Users\SAMURAI\PycharmProjects\certular\.venv\Lib\site-packages\django\template\base.py", line 969, in render_annotated
    return self.render(context)
           ~~~~~~~~~~~^^^^^^^^^
  File "C:\Users\SAMURAI\PycharmProjects\certular\.venv\Lib\site-packages\django\template\defaulttags.py", line 480, in render
    url = reverse(view_name, args=args, kwargs=kwargs, current_app=current_app)
  File "C:\Users\SAMURAI\PycharmProjects\certular\.venv\Lib\site-packages\django\urls\base.py", line 88, in reverse
    return resolver._reverse_with_prefix(view, prefix, *args, **kwargs)
           ~~~~~~~~~~~~~~~~~~~~~~~~~~~~~^^^^^^^^^^^^^^^^^^^^^^^^^^^^^^^
  File "C:\Users\SAMURAI\PycharmProjects\certular\.venv\Lib\site-packages\django\urls\resolvers.py", line 831, in _reverse_with_prefix
    raise NoReverseMatch(msg)
django.urls.exceptions.NoReverseMatch: Reverse for 'update_report_status' not found. 'update_report_status' is not a valid view function or pattern name.
2025-01-28 18:37:18,344 django.server ERROR    "GET /ru/reports/ HTTP/1.1" 500 210361
2025-01-28 18:37:19,523 django.request ERROR    Internal Server Error: /ru/reports/
Traceback (most recent call last):
  File "C:\Users\SAMURAI\PycharmProjects\certular\.venv\Lib\site-packages\django\core\handlers\exception.py", line 55, in inner
    response = get_response(request)
  File "C:\Users\SAMURAI\PycharmProjects\certular\.venv\Lib\site-packages\django\core\handlers\base.py", line 220, in _get_response
    response = response.render()
  File "C:\Users\SAMURAI\PycharmProjects\certular\.venv\Lib\site-packages\django\template\response.py", line 114, in render
    self.content = self.rendered_content
                   ^^^^^^^^^^^^^^^^^^^^^
  File "C:\Users\SAMURAI\PycharmProjects\certular\.venv\Lib\site-packages\django\template\response.py", line 92, in rendered_content
    return template.render(context, self._request)
           ~~~~~~~~~~~~~~~^^^^^^^^^^^^^^^^^^^^^^^^
  File "C:\Users\SAMURAI\PycharmProjects\certular\.venv\Lib\site-packages\django\template\backends\django.py", line 107, in render
    return self.template.render(context)
           ~~~~~~~~~~~~~~~~~~~~^^^^^^^^^
  File "C:\Users\SAMURAI\PycharmProjects\certular\.venv\Lib\site-packages\django\template\base.py", line 171, in render
    return self._render(context)
           ~~~~~~~~~~~~^^^^^^^^^
  File "C:\Users\SAMURAI\PycharmProjects\certular\.venv\Lib\site-packages\django\template\base.py", line 163, in _render
    return self.nodelist.render(context)
           ~~~~~~~~~~~~~~~~~~~~^^^^^^^^^
  File "C:\Users\SAMURAI\PycharmProjects\certular\.venv\Lib\site-packages\django\template\base.py", line 1008, in render
    return SafeString("".join([node.render_annotated(context) for node in self]))
                               ~~~~~~~~~~~~~~~~~~~~~^^^^^^^^^
  File "C:\Users\SAMURAI\PycharmProjects\certular\.venv\Lib\site-packages\django\template\base.py", line 969, in render_annotated
    return self.render(context)
           ~~~~~~~~~~~^^^^^^^^^
  File "C:\Users\SAMURAI\PycharmProjects\certular\.venv\Lib\site-packages\django\template\loader_tags.py", line 159, in render
    return compiled_parent._render(context)
           ~~~~~~~~~~~~~~~~~~~~~~~^^^^^^^^^
  File "C:\Users\SAMURAI\PycharmProjects\certular\.venv\Lib\site-packages\django\template\base.py", line 163, in _render
    return self.nodelist.render(context)
           ~~~~~~~~~~~~~~~~~~~~^^^^^^^^^
  File "C:\Users\SAMURAI\PycharmProjects\certular\.venv\Lib\site-packages\django\template\base.py", line 1008, in render
    return SafeString("".join([node.render_annotated(context) for node in self]))
                               ~~~~~~~~~~~~~~~~~~~~~^^^^^^^^^
  File "C:\Users\SAMURAI\PycharmProjects\certular\.venv\Lib\site-packages\django\template\base.py", line 969, in render_annotated
    return self.render(context)
           ~~~~~~~~~~~^^^^^^^^^
  File "C:\Users\SAMURAI\PycharmProjects\certular\.venv\Lib\site-packages\django\template\loader_tags.py", line 65, in render
    result = block.nodelist.render(context)
  File "C:\Users\SAMURAI\PycharmProjects\certular\.venv\Lib\site-packages\django\template\base.py", line 1008, in render
    return SafeString("".join([node.render_annotated(context) for node in self]))
                               ~~~~~~~~~~~~~~~~~~~~~^^^^^^^^^
  File "C:\Users\SAMURAI\PycharmProjects\certular\.venv\Lib\site-packages\django\template\base.py", line 969, in render_annotated
    return self.render(context)
           ~~~~~~~~~~~^^^^^^^^^
  File "C:\Users\SAMURAI\PycharmProjects\certular\.venv\Lib\site-packages\django\template\defaulttags.py", line 327, in render
    return nodelist.render(context)
           ~~~~~~~~~~~~~~~^^^^^^^^^
  File "C:\Users\SAMURAI\PycharmProjects\certular\.venv\Lib\site-packages\django\template\base.py", line 1008, in render
    return SafeString("".join([node.render_annotated(context) for node in self]))
                               ~~~~~~~~~~~~~~~~~~~~~^^^^^^^^^
  File "C:\Users\SAMURAI\PycharmProjects\certular\.venv\Lib\site-packages\django\template\base.py", line 969, in render_annotated
    return self.render(context)
           ~~~~~~~~~~~^^^^^^^^^
  File "C:\Users\SAMURAI\PycharmProjects\certular\.venv\Lib\site-packages\django\template\defaulttags.py", line 243, in render
    nodelist.append(node.render_annotated(context))
                    ~~~~~~~~~~~~~~~~~~~~~^^^^^^^^^
  File "C:\Users\SAMURAI\PycharmProjects\certular\.venv\Lib\site-packages\django\template\base.py", line 969, in render_annotated
    return self.render(context)
           ~~~~~~~~~~~^^^^^^^^^
  File "C:\Users\SAMURAI\PycharmProjects\certular\.venv\Lib\site-packages\django\template\defaulttags.py", line 480, in render
    url = reverse(view_name, args=args, kwargs=kwargs, current_app=current_app)
  File "C:\Users\SAMURAI\PycharmProjects\certular\.venv\Lib\site-packages\django\urls\base.py", line 88, in reverse
    return resolver._reverse_with_prefix(view, prefix, *args, **kwargs)
           ~~~~~~~~~~~~~~~~~~~~~~~~~~~~~^^^^^^^^^^^^^^^^^^^^^^^^^^^^^^^
  File "C:\Users\SAMURAI\PycharmProjects\certular\.venv\Lib\site-packages\django\urls\resolvers.py", line 831, in _reverse_with_prefix
    raise NoReverseMatch(msg)
django.urls.exceptions.NoReverseMatch: Reverse for 'update_report_status' not found. 'update_report_status' is not a valid view function or pattern name.
2025-01-28 18:37:19,526 django.server ERROR    "GET /ru/reports/ HTTP/1.1" 500 210361
2025-01-28 18:38:19,811 django.request ERROR    Internal Server Error: /ru/reports/
Traceback (most recent call last):
  File "C:\Users\SAMURAI\PycharmProjects\certular\.venv\Lib\site-packages\django\core\handlers\exception.py", line 55, in inner
    response = get_response(request)
  File "C:\Users\SAMURAI\PycharmProjects\certular\.venv\Lib\site-packages\django\core\handlers\base.py", line 220, in _get_response
    response = response.render()
  File "C:\Users\SAMURAI\PycharmProjects\certular\.venv\Lib\site-packages\django\template\response.py", line 114, in render
    self.content = self.rendered_content
                   ^^^^^^^^^^^^^^^^^^^^^
  File "C:\Users\SAMURAI\PycharmProjects\certular\.venv\Lib\site-packages\django\template\response.py", line 92, in rendered_content
    return template.render(context, self._request)
           ~~~~~~~~~~~~~~~^^^^^^^^^^^^^^^^^^^^^^^^
  File "C:\Users\SAMURAI\PycharmProjects\certular\.venv\Lib\site-packages\django\template\backends\django.py", line 107, in render
    return self.template.render(context)
           ~~~~~~~~~~~~~~~~~~~~^^^^^^^^^
  File "C:\Users\SAMURAI\PycharmProjects\certular\.venv\Lib\site-packages\django\template\base.py", line 171, in render
    return self._render(context)
           ~~~~~~~~~~~~^^^^^^^^^
  File "C:\Users\SAMURAI\PycharmProjects\certular\.venv\Lib\site-packages\django\template\base.py", line 163, in _render
    return self.nodelist.render(context)
           ~~~~~~~~~~~~~~~~~~~~^^^^^^^^^
  File "C:\Users\SAMURAI\PycharmProjects\certular\.venv\Lib\site-packages\django\template\base.py", line 1008, in render
    return SafeString("".join([node.render_annotated(context) for node in self]))
                               ~~~~~~~~~~~~~~~~~~~~~^^^^^^^^^
  File "C:\Users\SAMURAI\PycharmProjects\certular\.venv\Lib\site-packages\django\template\base.py", line 969, in render_annotated
    return self.render(context)
           ~~~~~~~~~~~^^^^^^^^^
  File "C:\Users\SAMURAI\PycharmProjects\certular\.venv\Lib\site-packages\django\template\loader_tags.py", line 159, in render
    return compiled_parent._render(context)
           ~~~~~~~~~~~~~~~~~~~~~~~^^^^^^^^^
  File "C:\Users\SAMURAI\PycharmProjects\certular\.venv\Lib\site-packages\django\template\base.py", line 163, in _render
    return self.nodelist.render(context)
           ~~~~~~~~~~~~~~~~~~~~^^^^^^^^^
  File "C:\Users\SAMURAI\PycharmProjects\certular\.venv\Lib\site-packages\django\template\base.py", line 1008, in render
    return SafeString("".join([node.render_annotated(context) for node in self]))
                               ~~~~~~~~~~~~~~~~~~~~~^^^^^^^^^
  File "C:\Users\SAMURAI\PycharmProjects\certular\.venv\Lib\site-packages\django\template\base.py", line 969, in render_annotated
    return self.render(context)
           ~~~~~~~~~~~^^^^^^^^^
  File "C:\Users\SAMURAI\PycharmProjects\certular\.venv\Lib\site-packages\django\template\loader_tags.py", line 65, in render
    result = block.nodelist.render(context)
  File "C:\Users\SAMURAI\PycharmProjects\certular\.venv\Lib\site-packages\django\template\base.py", line 1008, in render
    return SafeString("".join([node.render_annotated(context) for node in self]))
                               ~~~~~~~~~~~~~~~~~~~~~^^^^^^^^^
  File "C:\Users\SAMURAI\PycharmProjects\certular\.venv\Lib\site-packages\django\template\base.py", line 969, in render_annotated
    return self.render(context)
           ~~~~~~~~~~~^^^^^^^^^
  File "C:\Users\SAMURAI\PycharmProjects\certular\.venv\Lib\site-packages\django\template\defaulttags.py", line 327, in render
    return nodelist.render(context)
           ~~~~~~~~~~~~~~~^^^^^^^^^
  File "C:\Users\SAMURAI\PycharmProjects\certular\.venv\Lib\site-packages\django\template\base.py", line 1008, in render
    return SafeString("".join([node.render_annotated(context) for node in self]))
                               ~~~~~~~~~~~~~~~~~~~~~^^^^^^^^^
  File "C:\Users\SAMURAI\PycharmProjects\certular\.venv\Lib\site-packages\django\template\base.py", line 969, in render_annotated
    return self.render(context)
           ~~~~~~~~~~~^^^^^^^^^
  File "C:\Users\SAMURAI\PycharmProjects\certular\.venv\Lib\site-packages\django\template\defaulttags.py", line 243, in render
    nodelist.append(node.render_annotated(context))
                    ~~~~~~~~~~~~~~~~~~~~~^^^^^^^^^
  File "C:\Users\SAMURAI\PycharmProjects\certular\.venv\Lib\site-packages\django\template\base.py", line 969, in render_annotated
    return self.render(context)
           ~~~~~~~~~~~^^^^^^^^^
  File "C:\Users\SAMURAI\PycharmProjects\certular\.venv\Lib\site-packages\django\template\defaulttags.py", line 480, in render
    url = reverse(view_name, args=args, kwargs=kwargs, current_app=current_app)
  File "C:\Users\SAMURAI\PycharmProjects\certular\.venv\Lib\site-packages\django\urls\base.py", line 88, in reverse
    return resolver._reverse_with_prefix(view, prefix, *args, **kwargs)
           ~~~~~~~~~~~~~~~~~~~~~~~~~~~~~^^^^^^^^^^^^^^^^^^^^^^^^^^^^^^^
  File "C:\Users\SAMURAI\PycharmProjects\certular\.venv\Lib\site-packages\django\urls\resolvers.py", line 831, in _reverse_with_prefix
    raise NoReverseMatch(msg)
django.urls.exceptions.NoReverseMatch: Reverse for 'change' not found. 'change' is not a valid view function or pattern name.
2025-01-28 18:38:19,815 django.server ERROR    "GET /ru/reports/ HTTP/1.1" 500 210854
2025-01-28 18:38:20,403 django.request ERROR    Internal Server Error: /ru/reports/
Traceback (most recent call last):
  File "C:\Users\SAMURAI\PycharmProjects\certular\.venv\Lib\site-packages\django\core\handlers\exception.py", line 55, in inner
    response = get_response(request)
  File "C:\Users\SAMURAI\PycharmProjects\certular\.venv\Lib\site-packages\django\core\handlers\base.py", line 220, in _get_response
    response = response.render()
  File "C:\Users\SAMURAI\PycharmProjects\certular\.venv\Lib\site-packages\django\template\response.py", line 114, in render
    self.content = self.rendered_content
                   ^^^^^^^^^^^^^^^^^^^^^
  File "C:\Users\SAMURAI\PycharmProjects\certular\.venv\Lib\site-packages\django\template\response.py", line 92, in rendered_content
    return template.render(context, self._request)
           ~~~~~~~~~~~~~~~^^^^^^^^^^^^^^^^^^^^^^^^
  File "C:\Users\SAMURAI\PycharmProjects\certular\.venv\Lib\site-packages\django\template\backends\django.py", line 107, in render
    return self.template.render(context)
           ~~~~~~~~~~~~~~~~~~~~^^^^^^^^^
  File "C:\Users\SAMURAI\PycharmProjects\certular\.venv\Lib\site-packages\django\template\base.py", line 171, in render
    return self._render(context)
           ~~~~~~~~~~~~^^^^^^^^^
  File "C:\Users\SAMURAI\PycharmProjects\certular\.venv\Lib\site-packages\django\template\base.py", line 163, in _render
    return self.nodelist.render(context)
           ~~~~~~~~~~~~~~~~~~~~^^^^^^^^^
  File "C:\Users\SAMURAI\PycharmProjects\certular\.venv\Lib\site-packages\django\template\base.py", line 1008, in render
    return SafeString("".join([node.render_annotated(context) for node in self]))
                               ~~~~~~~~~~~~~~~~~~~~~^^^^^^^^^
  File "C:\Users\SAMURAI\PycharmProjects\certular\.venv\Lib\site-packages\django\template\base.py", line 969, in render_annotated
    return self.render(context)
           ~~~~~~~~~~~^^^^^^^^^
  File "C:\Users\SAMURAI\PycharmProjects\certular\.venv\Lib\site-packages\django\template\loader_tags.py", line 159, in render
    return compiled_parent._render(context)
           ~~~~~~~~~~~~~~~~~~~~~~~^^^^^^^^^
  File "C:\Users\SAMURAI\PycharmProjects\certular\.venv\Lib\site-packages\django\template\base.py", line 163, in _render
    return self.nodelist.render(context)
           ~~~~~~~~~~~~~~~~~~~~^^^^^^^^^
  File "C:\Users\SAMURAI\PycharmProjects\certular\.venv\Lib\site-packages\django\template\base.py", line 1008, in render
    return SafeString("".join([node.render_annotated(context) for node in self]))
                               ~~~~~~~~~~~~~~~~~~~~~^^^^^^^^^
  File "C:\Users\SAMURAI\PycharmProjects\certular\.venv\Lib\site-packages\django\template\base.py", line 969, in render_annotated
    return self.render(context)
           ~~~~~~~~~~~^^^^^^^^^
  File "C:\Users\SAMURAI\PycharmProjects\certular\.venv\Lib\site-packages\django\template\loader_tags.py", line 65, in render
    result = block.nodelist.render(context)
  File "C:\Users\SAMURAI\PycharmProjects\certular\.venv\Lib\site-packages\django\template\base.py", line 1008, in render
    return SafeString("".join([node.render_annotated(context) for node in self]))
                               ~~~~~~~~~~~~~~~~~~~~~^^^^^^^^^
  File "C:\Users\SAMURAI\PycharmProjects\certular\.venv\Lib\site-packages\django\template\base.py", line 969, in render_annotated
    return self.render(context)
           ~~~~~~~~~~~^^^^^^^^^
  File "C:\Users\SAMURAI\PycharmProjects\certular\.venv\Lib\site-packages\django\template\defaulttags.py", line 327, in render
    return nodelist.render(context)
           ~~~~~~~~~~~~~~~^^^^^^^^^
  File "C:\Users\SAMURAI\PycharmProjects\certular\.venv\Lib\site-packages\django\template\base.py", line 1008, in render
    return SafeString("".join([node.render_annotated(context) for node in self]))
                               ~~~~~~~~~~~~~~~~~~~~~^^^^^^^^^
  File "C:\Users\SAMURAI\PycharmProjects\certular\.venv\Lib\site-packages\django\template\base.py", line 969, in render_annotated
    return self.render(context)
           ~~~~~~~~~~~^^^^^^^^^
  File "C:\Users\SAMURAI\PycharmProjects\certular\.venv\Lib\site-packages\django\template\defaulttags.py", line 243, in render
    nodelist.append(node.render_annotated(context))
                    ~~~~~~~~~~~~~~~~~~~~~^^^^^^^^^
  File "C:\Users\SAMURAI\PycharmProjects\certular\.venv\Lib\site-packages\django\template\base.py", line 969, in render_annotated
    return self.render(context)
           ~~~~~~~~~~~^^^^^^^^^
  File "C:\Users\SAMURAI\PycharmProjects\certular\.venv\Lib\site-packages\django\template\defaulttags.py", line 480, in render
    url = reverse(view_name, args=args, kwargs=kwargs, current_app=current_app)
  File "C:\Users\SAMURAI\PycharmProjects\certular\.venv\Lib\site-packages\django\urls\base.py", line 88, in reverse
    return resolver._reverse_with_prefix(view, prefix, *args, **kwargs)
           ~~~~~~~~~~~~~~~~~~~~~~~~~~~~~^^^^^^^^^^^^^^^^^^^^^^^^^^^^^^^
  File "C:\Users\SAMURAI\PycharmProjects\certular\.venv\Lib\site-packages\django\urls\resolvers.py", line 831, in _reverse_with_prefix
    raise NoReverseMatch(msg)
django.urls.exceptions.NoReverseMatch: Reverse for 'change' not found. 'change' is not a valid view function or pattern name.
2025-01-28 18:38:20,454 django.server ERROR    "GET /ru/reports/ HTTP/1.1" 500 210854
2025-01-28 18:39:16,837 django.request ERROR    Internal Server Error: /ru/reports/
Traceback (most recent call last):
  File "C:\Users\SAMURAI\PycharmProjects\certular\.venv\Lib\site-packages\django\core\handlers\exception.py", line 55, in inner
    response = get_response(request)
  File "C:\Users\SAMURAI\PycharmProjects\certular\.venv\Lib\site-packages\django\core\handlers\base.py", line 220, in _get_response
    response = response.render()
  File "C:\Users\SAMURAI\PycharmProjects\certular\.venv\Lib\site-packages\django\template\response.py", line 114, in render
    self.content = self.rendered_content
                   ^^^^^^^^^^^^^^^^^^^^^
  File "C:\Users\SAMURAI\PycharmProjects\certular\.venv\Lib\site-packages\django\template\response.py", line 92, in rendered_content
    return template.render(context, self._request)
           ~~~~~~~~~~~~~~~^^^^^^^^^^^^^^^^^^^^^^^^
  File "C:\Users\SAMURAI\PycharmProjects\certular\.venv\Lib\site-packages\django\template\backends\django.py", line 107, in render
    return self.template.render(context)
           ~~~~~~~~~~~~~~~~~~~~^^^^^^^^^
  File "C:\Users\SAMURAI\PycharmProjects\certular\.venv\Lib\site-packages\django\template\base.py", line 171, in render
    return self._render(context)
           ~~~~~~~~~~~~^^^^^^^^^
  File "C:\Users\SAMURAI\PycharmProjects\certular\.venv\Lib\site-packages\django\template\base.py", line 163, in _render
    return self.nodelist.render(context)
           ~~~~~~~~~~~~~~~~~~~~^^^^^^^^^
  File "C:\Users\SAMURAI\PycharmProjects\certular\.venv\Lib\site-packages\django\template\base.py", line 1008, in render
    return SafeString("".join([node.render_annotated(context) for node in self]))
                               ~~~~~~~~~~~~~~~~~~~~~^^^^^^^^^
  File "C:\Users\SAMURAI\PycharmProjects\certular\.venv\Lib\site-packages\django\template\base.py", line 969, in render_annotated
    return self.render(context)
           ~~~~~~~~~~~^^^^^^^^^
  File "C:\Users\SAMURAI\PycharmProjects\certular\.venv\Lib\site-packages\django\template\loader_tags.py", line 159, in render
    return compiled_parent._render(context)
           ~~~~~~~~~~~~~~~~~~~~~~~^^^^^^^^^
  File "C:\Users\SAMURAI\PycharmProjects\certular\.venv\Lib\site-packages\django\template\base.py", line 163, in _render
    return self.nodelist.render(context)
           ~~~~~~~~~~~~~~~~~~~~^^^^^^^^^
  File "C:\Users\SAMURAI\PycharmProjects\certular\.venv\Lib\site-packages\django\template\base.py", line 1008, in render
    return SafeString("".join([node.render_annotated(context) for node in self]))
                               ~~~~~~~~~~~~~~~~~~~~~^^^^^^^^^
  File "C:\Users\SAMURAI\PycharmProjects\certular\.venv\Lib\site-packages\django\template\base.py", line 969, in render_annotated
    return self.render(context)
           ~~~~~~~~~~~^^^^^^^^^
  File "C:\Users\SAMURAI\PycharmProjects\certular\.venv\Lib\site-packages\django\template\loader_tags.py", line 65, in render
    result = block.nodelist.render(context)
  File "C:\Users\SAMURAI\PycharmProjects\certular\.venv\Lib\site-packages\django\template\base.py", line 1008, in render
    return SafeString("".join([node.render_annotated(context) for node in self]))
                               ~~~~~~~~~~~~~~~~~~~~~^^^^^^^^^
  File "C:\Users\SAMURAI\PycharmProjects\certular\.venv\Lib\site-packages\django\template\base.py", line 969, in render_annotated
    return self.render(context)
           ~~~~~~~~~~~^^^^^^^^^
  File "C:\Users\SAMURAI\PycharmProjects\certular\.venv\Lib\site-packages\django\template\defaulttags.py", line 327, in render
    return nodelist.render(context)
           ~~~~~~~~~~~~~~~^^^^^^^^^
  File "C:\Users\SAMURAI\PycharmProjects\certular\.venv\Lib\site-packages\django\template\base.py", line 1008, in render
    return SafeString("".join([node.render_annotated(context) for node in self]))
                               ~~~~~~~~~~~~~~~~~~~~~^^^^^^^^^
  File "C:\Users\SAMURAI\PycharmProjects\certular\.venv\Lib\site-packages\django\template\base.py", line 969, in render_annotated
    return self.render(context)
           ~~~~~~~~~~~^^^^^^^^^
  File "C:\Users\SAMURAI\PycharmProjects\certular\.venv\Lib\site-packages\django\template\defaulttags.py", line 243, in render
    nodelist.append(node.render_annotated(context))
                    ~~~~~~~~~~~~~~~~~~~~~^^^^^^^^^
  File "C:\Users\SAMURAI\PycharmProjects\certular\.venv\Lib\site-packages\django\template\base.py", line 969, in render_annotated
    return self.render(context)
           ~~~~~~~~~~~^^^^^^^^^
  File "C:\Users\SAMURAI\PycharmProjects\certular\.venv\Lib\site-packages\django\template\defaulttags.py", line 480, in render
    url = reverse(view_name, args=args, kwargs=kwargs, current_app=current_app)
  File "C:\Users\SAMURAI\PycharmProjects\certular\.venv\Lib\site-packages\django\urls\base.py", line 88, in reverse
    return resolver._reverse_with_prefix(view, prefix, *args, **kwargs)
           ~~~~~~~~~~~~~~~~~~~~~~~~~~~~~^^^^^^^^^^^^^^^^^^^^^^^^^^^^^^^
  File "C:\Users\SAMURAI\PycharmProjects\certular\.venv\Lib\site-packages\django\urls\resolvers.py", line 831, in _reverse_with_prefix
    raise NoReverseMatch(msg)
django.urls.exceptions.NoReverseMatch: Reverse for 'change' not found. 'change' is not a valid view function or pattern name.
2025-01-28 18:39:16,839 django.server ERROR    "GET /ru/reports/ HTTP/1.1" 500 211016
2025-01-28 18:39:17,462 django.request ERROR    Internal Server Error: /ru/reports/
Traceback (most recent call last):
  File "C:\Users\SAMURAI\PycharmProjects\certular\.venv\Lib\site-packages\django\core\handlers\exception.py", line 55, in inner
    response = get_response(request)
  File "C:\Users\SAMURAI\PycharmProjects\certular\.venv\Lib\site-packages\django\core\handlers\base.py", line 220, in _get_response
    response = response.render()
  File "C:\Users\SAMURAI\PycharmProjects\certular\.venv\Lib\site-packages\django\template\response.py", line 114, in render
    self.content = self.rendered_content
                   ^^^^^^^^^^^^^^^^^^^^^
  File "C:\Users\SAMURAI\PycharmProjects\certular\.venv\Lib\site-packages\django\template\response.py", line 92, in rendered_content
    return template.render(context, self._request)
           ~~~~~~~~~~~~~~~^^^^^^^^^^^^^^^^^^^^^^^^
  File "C:\Users\SAMURAI\PycharmProjects\certular\.venv\Lib\site-packages\django\template\backends\django.py", line 107, in render
    return self.template.render(context)
           ~~~~~~~~~~~~~~~~~~~~^^^^^^^^^
  File "C:\Users\SAMURAI\PycharmProjects\certular\.venv\Lib\site-packages\django\template\base.py", line 171, in render
    return self._render(context)
           ~~~~~~~~~~~~^^^^^^^^^
  File "C:\Users\SAMURAI\PycharmProjects\certular\.venv\Lib\site-packages\django\template\base.py", line 163, in _render
    return self.nodelist.render(context)
           ~~~~~~~~~~~~~~~~~~~~^^^^^^^^^
  File "C:\Users\SAMURAI\PycharmProjects\certular\.venv\Lib\site-packages\django\template\base.py", line 1008, in render
    return SafeString("".join([node.render_annotated(context) for node in self]))
                               ~~~~~~~~~~~~~~~~~~~~~^^^^^^^^^
  File "C:\Users\SAMURAI\PycharmProjects\certular\.venv\Lib\site-packages\django\template\base.py", line 969, in render_annotated
    return self.render(context)
           ~~~~~~~~~~~^^^^^^^^^
  File "C:\Users\SAMURAI\PycharmProjects\certular\.venv\Lib\site-packages\django\template\loader_tags.py", line 159, in render
    return compiled_parent._render(context)
           ~~~~~~~~~~~~~~~~~~~~~~~^^^^^^^^^
  File "C:\Users\SAMURAI\PycharmProjects\certular\.venv\Lib\site-packages\django\template\base.py", line 163, in _render
    return self.nodelist.render(context)
           ~~~~~~~~~~~~~~~~~~~~^^^^^^^^^
  File "C:\Users\SAMURAI\PycharmProjects\certular\.venv\Lib\site-packages\django\template\base.py", line 1008, in render
    return SafeString("".join([node.render_annotated(context) for node in self]))
                               ~~~~~~~~~~~~~~~~~~~~~^^^^^^^^^
  File "C:\Users\SAMURAI\PycharmProjects\certular\.venv\Lib\site-packages\django\template\base.py", line 969, in render_annotated
    return self.render(context)
           ~~~~~~~~~~~^^^^^^^^^
  File "C:\Users\SAMURAI\PycharmProjects\certular\.venv\Lib\site-packages\django\template\loader_tags.py", line 65, in render
    result = block.nodelist.render(context)
  File "C:\Users\SAMURAI\PycharmProjects\certular\.venv\Lib\site-packages\django\template\base.py", line 1008, in render
    return SafeString("".join([node.render_annotated(context) for node in self]))
                               ~~~~~~~~~~~~~~~~~~~~~^^^^^^^^^
  File "C:\Users\SAMURAI\PycharmProjects\certular\.venv\Lib\site-packages\django\template\base.py", line 969, in render_annotated
    return self.render(context)
           ~~~~~~~~~~~^^^^^^^^^
  File "C:\Users\SAMURAI\PycharmProjects\certular\.venv\Lib\site-packages\django\template\defaulttags.py", line 327, in render
    return nodelist.render(context)
           ~~~~~~~~~~~~~~~^^^^^^^^^
  File "C:\Users\SAMURAI\PycharmProjects\certular\.venv\Lib\site-packages\django\template\base.py", line 1008, in render
    return SafeString("".join([node.render_annotated(context) for node in self]))
                               ~~~~~~~~~~~~~~~~~~~~~^^^^^^^^^
  File "C:\Users\SAMURAI\PycharmProjects\certular\.venv\Lib\site-packages\django\template\base.py", line 969, in render_annotated
    return self.render(context)
           ~~~~~~~~~~~^^^^^^^^^
  File "C:\Users\SAMURAI\PycharmProjects\certular\.venv\Lib\site-packages\django\template\defaulttags.py", line 243, in render
    nodelist.append(node.render_annotated(context))
                    ~~~~~~~~~~~~~~~~~~~~~^^^^^^^^^
  File "C:\Users\SAMURAI\PycharmProjects\certular\.venv\Lib\site-packages\django\template\base.py", line 969, in render_annotated
    return self.render(context)
           ~~~~~~~~~~~^^^^^^^^^
  File "C:\Users\SAMURAI\PycharmProjects\certular\.venv\Lib\site-packages\django\template\defaulttags.py", line 480, in render
    url = reverse(view_name, args=args, kwargs=kwargs, current_app=current_app)
  File "C:\Users\SAMURAI\PycharmProjects\certular\.venv\Lib\site-packages\django\urls\base.py", line 88, in reverse
    return resolver._reverse_with_prefix(view, prefix, *args, **kwargs)
           ~~~~~~~~~~~~~~~~~~~~~~~~~~~~~^^^^^^^^^^^^^^^^^^^^^^^^^^^^^^^
  File "C:\Users\SAMURAI\PycharmProjects\certular\.venv\Lib\site-packages\django\urls\resolvers.py", line 831, in _reverse_with_prefix
    raise NoReverseMatch(msg)
django.urls.exceptions.NoReverseMatch: Reverse for 'change' not found. 'change' is not a valid view function or pattern name.
2025-01-28 18:39:17,465 django.server ERROR    "GET /ru/reports/ HTTP/1.1" 500 211016
2025-01-28 18:39:54,498 django.server WARNING  "GET /static-root/js/bootstrap.bundle.js.map HTTP/1.1" 404 2015
2025-01-28 18:41:13,235 django.server WARNING  "GET /static-root/js/bootstrap.bundle.js.map HTTP/1.1" 404 2015
2025-01-28 18:42:07,739 django.server WARNING  "GET /static-root/js/bootstrap.bundle.js.map HTTP/1.1" 404 2015
2025-01-28 18:45:59,461 django.server WARNING  "GET /static-root/js/bootstrap.bundle.js.map HTTP/1.1" 404 2015
2025-01-28 18:47:20,389 django.server WARNING  "GET /static-root/js/bootstrap.bundle.js.map HTTP/1.1" 404 2015
2025-01-28 18:47:35,544 django.server WARNING  "GET /static-root/js/bootstrap.bundle.js.map HTTP/1.1" 404 2015
2025-01-28 18:50:58,421 django.server WARNING  "GET /static-root/js/bootstrap.bundle.js.map HTTP/1.1" 404 2015
2025-01-28 18:51:03,292 django.server WARNING  "GET /static-root/js/bootstrap.bundle.js.map HTTP/1.1" 404 2015
2025-01-28 18:55:21,482 django.request ERROR    Internal Server Error: /ru/reports/
Traceback (most recent call last):
  File "C:\Users\SAMURAI\PycharmProjects\certular\.venv\Lib\site-packages\django\template\base.py", line 510, in parse
    compile_func = self.tags[command]
                   ~~~~~~~~~^^^^^^^^^
KeyError: 'endfor'

During handling of the above exception, another exception occurred:

Traceback (most recent call last):
  File "C:\Users\SAMURAI\PycharmProjects\certular\.venv\Lib\site-packages\django\core\handlers\exception.py", line 55, in inner
    response = get_response(request)
  File "C:\Users\SAMURAI\PycharmProjects\certular\.venv\Lib\site-packages\django\core\handlers\base.py", line 220, in _get_response
    response = response.render()
  File "C:\Users\SAMURAI\PycharmProjects\certular\.venv\Lib\site-packages\django\template\response.py", line 114, in render
    self.content = self.rendered_content
                   ^^^^^^^^^^^^^^^^^^^^^
  File "C:\Users\SAMURAI\PycharmProjects\certular\.venv\Lib\site-packages\django\template\response.py", line 90, in rendered_content
    template = self.resolve_template(self.template_name)
  File "C:\Users\SAMURAI\PycharmProjects\certular\.venv\Lib\site-packages\django\template\response.py", line 72, in resolve_template
    return select_template(template, using=self.using)
  File "C:\Users\SAMURAI\PycharmProjects\certular\.venv\Lib\site-packages\django\template\loader.py", line 42, in select_template
    return engine.get_template(template_name)
           ~~~~~~~~~~~~~~~~~~~^^^^^^^^^^^^^^^
  File "C:\Users\SAMURAI\PycharmProjects\certular\.venv\Lib\site-packages\django\template\backends\django.py", line 79, in get_template
    return Template(self.engine.get_template(template_name), self)
                    ~~~~~~~~~~~~~~~~~~~~~~~~^^^^^^^^^^^^^^^
  File "C:\Users\SAMURAI\PycharmProjects\certular\.venv\Lib\site-packages\django\template\engine.py", line 177, in get_template
    template, origin = self.find_template(template_name)
                       ~~~~~~~~~~~~~~~~~~^^^^^^^^^^^^^^^
  File "C:\Users\SAMURAI\PycharmProjects\certular\.venv\Lib\site-packages\django\template\engine.py", line 159, in find_template
    template = loader.get_template(name, skip=skip)
  File "C:\Users\SAMURAI\PycharmProjects\certular\.venv\Lib\site-packages\django\template\loaders\cached.py", line 57, in get_template
    template = super().get_template(template_name, skip)
  File "C:\Users\SAMURAI\PycharmProjects\certular\.venv\Lib\site-packages\django\template\loaders\base.py", line 28, in get_template
    return Template(
        contents,
    ...<2 lines>...
        self.engine,
    )
  File "C:\Users\SAMURAI\PycharmProjects\certular\.venv\Lib\site-packages\django\template\base.py", line 154, in __init__
    self.nodelist = self.compile_nodelist()
                    ~~~~~~~~~~~~~~~~~~~~~^^
  File "C:\Users\SAMURAI\PycharmProjects\certular\.venv\Lib\site-packages\django\template\base.py", line 196, in compile_nodelist
    nodelist = parser.parse()
  File "C:\Users\SAMURAI\PycharmProjects\certular\.venv\Lib\site-packages\django\template\base.py", line 518, in parse
    raise self.error(token, e)
  File "C:\Users\SAMURAI\PycharmProjects\certular\.venv\Lib\site-packages\django\template\base.py", line 516, in parse
    compiled_result = compile_func(self, token)
  File "C:\Users\SAMURAI\PycharmProjects\certular\.venv\Lib\site-packages\django\template\loader_tags.py", line 295, in do_extends
    nodelist = parser.parse()
  File "C:\Users\SAMURAI\PycharmProjects\certular\.venv\Lib\site-packages\django\template\base.py", line 518, in parse
    raise self.error(token, e)
  File "C:\Users\SAMURAI\PycharmProjects\certular\.venv\Lib\site-packages\django\template\base.py", line 516, in parse
    compiled_result = compile_func(self, token)
  File "C:\Users\SAMURAI\PycharmProjects\certular\.venv\Lib\site-packages\django\template\loader_tags.py", line 234, in do_block
    nodelist = parser.parse(("endblock",))
  File "C:\Users\SAMURAI\PycharmProjects\certular\.venv\Lib\site-packages\django\template\base.py", line 518, in parse
    raise self.error(token, e)
  File "C:\Users\SAMURAI\PycharmProjects\certular\.venv\Lib\site-packages\django\template\base.py", line 516, in parse
    compiled_result = compile_func(self, token)
  File "C:\Users\SAMURAI\PycharmProjects\certular\.venv\Lib\site-packages\django\template\defaulttags.py", line 962, in do_if
    nodelist = parser.parse(("elif", "else", "endif"))
  File "C:\Users\SAMURAI\PycharmProjects\certular\.venv\Lib\site-packages\django\template\base.py", line 518, in parse
    raise self.error(token, e)
  File "C:\Users\SAMURAI\PycharmProjects\certular\.venv\Lib\site-packages\django\template\base.py", line 516, in parse
    compiled_result = compile_func(self, token)
  File "C:\Users\SAMURAI\PycharmProjects\certular\.venv\Lib\site-packages\django\template\defaulttags.py", line 862, in do_for
    nodelist_loop = parser.parse(
        (
    ...<2 lines>...
        )
    )
  File "C:\Users\SAMURAI\PycharmProjects\certular\.venv\Lib\site-packages\django\template\base.py", line 518, in parse
    raise self.error(token, e)
  File "C:\Users\SAMURAI\PycharmProjects\certular\.venv\Lib\site-packages\django\template\base.py", line 516, in parse
    compiled_result = compile_func(self, token)
  File "C:\Users\SAMURAI\PycharmProjects\certular\.venv\Lib\site-packages\django\template\defaulttags.py", line 976, in do_if
    nodelist = parser.parse(("endif",))
  File "C:\Users\SAMURAI\PycharmProjects\certular\.venv\Lib\site-packages\django\template\base.py", line 512, in parse
    self.invalid_block_tag(token, command, parse_until)
    ~~~~~~~~~~~~~~~~~~~~~~^^^^^^^^^^^^^^^^^^^^^^^^^^^^^
  File "C:\Users\SAMURAI\PycharmProjects\certular\.venv\Lib\site-packages\django\template\base.py", line 563, in invalid_block_tag
    raise self.error(
    ...<8 lines>...
    )
django.template.exceptions.TemplateSyntaxError: Invalid block tag on line 64: 'endfor', expected 'endif'. Did you forget to register or load this tag?
2025-01-28 18:55:21,486 django.server ERROR    "GET /ru/reports/ HTTP/1.1" 500 244260
2025-01-28 18:55:36,969 django.server WARNING  "GET /static-root/js/bootstrap.bundle.js.map HTTP/1.1" 404 2015
2025-01-28 18:57:30,222 django.request ERROR    Internal Server Error: /ru/reports/
Traceback (most recent call last):
  File "C:\Users\SAMURAI\PycharmProjects\certular\.venv\Lib\site-packages\django\template\smartif.py", line 180, in translate_token
    op = OPERATORS[token]
         ~~~~~~~~~^^^^^^^
KeyError: '==='

During handling of the above exception, another exception occurred:

Traceback (most recent call last):
  File "C:\Users\SAMURAI\PycharmProjects\certular\.venv\Lib\site-packages\django\core\handlers\exception.py", line 55, in inner
    response = get_response(request)
  File "C:\Users\SAMURAI\PycharmProjects\certular\.venv\Lib\site-packages\django\core\handlers\base.py", line 220, in _get_response
    response = response.render()
  File "C:\Users\SAMURAI\PycharmProjects\certular\.venv\Lib\site-packages\django\template\response.py", line 114, in render
    self.content = self.rendered_content
                   ^^^^^^^^^^^^^^^^^^^^^
  File "C:\Users\SAMURAI\PycharmProjects\certular\.venv\Lib\site-packages\django\template\response.py", line 90, in rendered_content
    template = self.resolve_template(self.template_name)
  File "C:\Users\SAMURAI\PycharmProjects\certular\.venv\Lib\site-packages\django\template\response.py", line 72, in resolve_template
    return select_template(template, using=self.using)
  File "C:\Users\SAMURAI\PycharmProjects\certular\.venv\Lib\site-packages\django\template\loader.py", line 42, in select_template
    return engine.get_template(template_name)
           ~~~~~~~~~~~~~~~~~~~^^^^^^^^^^^^^^^
  File "C:\Users\SAMURAI\PycharmProjects\certular\.venv\Lib\site-packages\django\template\backends\django.py", line 79, in get_template
    return Template(self.engine.get_template(template_name), self)
                    ~~~~~~~~~~~~~~~~~~~~~~~~^^^^^^^^^^^^^^^
  File "C:\Users\SAMURAI\PycharmProjects\certular\.venv\Lib\site-packages\django\template\engine.py", line 177, in get_template
    template, origin = self.find_template(template_name)
                       ~~~~~~~~~~~~~~~~~~^^^^^^^^^^^^^^^
  File "C:\Users\SAMURAI\PycharmProjects\certular\.venv\Lib\site-packages\django\template\engine.py", line 159, in find_template
    template = loader.get_template(name, skip=skip)
  File "C:\Users\SAMURAI\PycharmProjects\certular\.venv\Lib\site-packages\django\template\loaders\cached.py", line 57, in get_template
    template = super().get_template(template_name, skip)
  File "C:\Users\SAMURAI\PycharmProjects\certular\.venv\Lib\site-packages\django\template\loaders\base.py", line 28, in get_template
    return Template(
        contents,
    ...<2 lines>...
        self.engine,
    )
  File "C:\Users\SAMURAI\PycharmProjects\certular\.venv\Lib\site-packages\django\template\base.py", line 154, in __init__
    self.nodelist = self.compile_nodelist()
                    ~~~~~~~~~~~~~~~~~~~~~^^
  File "C:\Users\SAMURAI\PycharmProjects\certular\.venv\Lib\site-packages\django\template\base.py", line 196, in compile_nodelist
    nodelist = parser.parse()
  File "C:\Users\SAMURAI\PycharmProjects\certular\.venv\Lib\site-packages\django\template\base.py", line 518, in parse
    raise self.error(token, e)
  File "C:\Users\SAMURAI\PycharmProjects\certular\.venv\Lib\site-packages\django\template\base.py", line 516, in parse
    compiled_result = compile_func(self, token)
  File "C:\Users\SAMURAI\PycharmProjects\certular\.venv\Lib\site-packages\django\template\loader_tags.py", line 295, in do_extends
    nodelist = parser.parse()
  File "C:\Users\SAMURAI\PycharmProjects\certular\.venv\Lib\site-packages\django\template\base.py", line 518, in parse
    raise self.error(token, e)
  File "C:\Users\SAMURAI\PycharmProjects\certular\.venv\Lib\site-packages\django\template\base.py", line 516, in parse
    compiled_result = compile_func(self, token)
  File "C:\Users\SAMURAI\PycharmProjects\certular\.venv\Lib\site-packages\django\template\loader_tags.py", line 234, in do_block
    nodelist = parser.parse(("endblock",))
  File "C:\Users\SAMURAI\PycharmProjects\certular\.venv\Lib\site-packages\django\template\base.py", line 518, in parse
    raise self.error(token, e)
  File "C:\Users\SAMURAI\PycharmProjects\certular\.venv\Lib\site-packages\django\template\base.py", line 516, in parse
    compiled_result = compile_func(self, token)
  File "C:\Users\SAMURAI\PycharmProjects\certular\.venv\Lib\site-packages\django\template\defaulttags.py", line 962, in do_if
    nodelist = parser.parse(("elif", "else", "endif"))
  File "C:\Users\SAMURAI\PycharmProjects\certular\.venv\Lib\site-packages\django\template\base.py", line 518, in parse
    raise self.error(token, e)
  File "C:\Users\SAMURAI\PycharmProjects\certular\.venv\Lib\site-packages\django\template\base.py", line 516, in parse
    compiled_result = compile_func(self, token)
  File "C:\Users\SAMURAI\PycharmProjects\certular\.venv\Lib\site-packages\django\template\defaulttags.py", line 862, in do_for
    nodelist_loop = parser.parse(
        (
    ...<2 lines>...
        )
    )
  File "C:\Users\SAMURAI\PycharmProjects\certular\.venv\Lib\site-packages\django\template\base.py", line 518, in parse
    raise self.error(token, e)
  File "C:\Users\SAMURAI\PycharmProjects\certular\.venv\Lib\site-packages\django\template\base.py", line 516, in parse
    compiled_result = compile_func(self, token)
  File "C:\Users\SAMURAI\PycharmProjects\certular\.venv\Lib\site-packages\django\template\defaulttags.py", line 961, in do_if
    condition = TemplateIfParser(parser, bits).parse()
                ~~~~~~~~~~~~~~~~^^^^^^^^^^^^^^
  File "C:\Users\SAMURAI\PycharmProjects\certular\.venv\Lib\site-packages\django\template\defaulttags.py", line 894, in __init__
    super().__init__(*args, **kwargs)
    ~~~~~~~~~~~~~~~~^^^^^^^^^^^^^^^^^
  File "C:\Users\SAMURAI\PycharmProjects\certular\.venv\Lib\site-packages\django\template\smartif.py", line 171, in __init__
    mapped_tokens.append(self.translate_token(token))
                         ~~~~~~~~~~~~~~~~~~~~^^^^^^^
  File "C:\Users\SAMURAI\PycharmProjects\certular\.venv\Lib\site-packages\django\template\smartif.py", line 182, in translate_token
    return self.create_var(token)
           ~~~~~~~~~~~~~~~^^^^^^^
  File "C:\Users\SAMURAI\PycharmProjects\certular\.venv\Lib\site-packages\django\template\defaulttags.py", line 897, in create_var
    return TemplateLiteral(self.template_parser.compile_filter(value), value)
                           ~~~~~~~~~~~~~~~~~~~~~~~~~~~~~~~~~~~^^^^^^^
  File "C:\Users\SAMURAI\PycharmProjects\certular\.venv\Lib\site-packages\django\template\base.py", line 605, in compile_filter
    return FilterExpression(token, self)
  File "C:\Users\SAMURAI\PycharmProjects\certular\.venv\Lib\site-packages\django\template\base.py", line 706, in __init__
    raise TemplateSyntaxError(
    ...<2 lines>...
    )
django.template.exceptions.TemplateSyntaxError: Could not parse the remainder: '===' from '==='
2025-01-28 18:57:30,225 django.server ERROR    "GET /ru/reports/ HTTP/1.1" 500 274875
2025-01-28 18:57:30,977 django.request ERROR    Internal Server Error: /ru/reports/
Traceback (most recent call last):
  File "C:\Users\SAMURAI\PycharmProjects\certular\.venv\Lib\site-packages\django\template\smartif.py", line 180, in translate_token
    op = OPERATORS[token]
         ~~~~~~~~~^^^^^^^
KeyError: '==='

During handling of the above exception, another exception occurred:

Traceback (most recent call last):
  File "C:\Users\SAMURAI\PycharmProjects\certular\.venv\Lib\site-packages\django\core\handlers\exception.py", line 55, in inner
    response = get_response(request)
  File "C:\Users\SAMURAI\PycharmProjects\certular\.venv\Lib\site-packages\django\core\handlers\base.py", line 220, in _get_response
    response = response.render()
  File "C:\Users\SAMURAI\PycharmProjects\certular\.venv\Lib\site-packages\django\template\response.py", line 114, in render
    self.content = self.rendered_content
                   ^^^^^^^^^^^^^^^^^^^^^
  File "C:\Users\SAMURAI\PycharmProjects\certular\.venv\Lib\site-packages\django\template\response.py", line 90, in rendered_content
    template = self.resolve_template(self.template_name)
  File "C:\Users\SAMURAI\PycharmProjects\certular\.venv\Lib\site-packages\django\template\response.py", line 72, in resolve_template
    return select_template(template, using=self.using)
  File "C:\Users\SAMURAI\PycharmProjects\certular\.venv\Lib\site-packages\django\template\loader.py", line 42, in select_template
    return engine.get_template(template_name)
           ~~~~~~~~~~~~~~~~~~~^^^^^^^^^^^^^^^
  File "C:\Users\SAMURAI\PycharmProjects\certular\.venv\Lib\site-packages\django\template\backends\django.py", line 79, in get_template
    return Template(self.engine.get_template(template_name), self)
                    ~~~~~~~~~~~~~~~~~~~~~~~~^^^^^^^^^^^^^^^
  File "C:\Users\SAMURAI\PycharmProjects\certular\.venv\Lib\site-packages\django\template\engine.py", line 177, in get_template
    template, origin = self.find_template(template_name)
                       ~~~~~~~~~~~~~~~~~~^^^^^^^^^^^^^^^
  File "C:\Users\SAMURAI\PycharmProjects\certular\.venv\Lib\site-packages\django\template\engine.py", line 159, in find_template
    template = loader.get_template(name, skip=skip)
  File "C:\Users\SAMURAI\PycharmProjects\certular\.venv\Lib\site-packages\django\template\loaders\cached.py", line 57, in get_template
    template = super().get_template(template_name, skip)
  File "C:\Users\SAMURAI\PycharmProjects\certular\.venv\Lib\site-packages\django\template\loaders\base.py", line 28, in get_template
    return Template(
        contents,
    ...<2 lines>...
        self.engine,
    )
  File "C:\Users\SAMURAI\PycharmProjects\certular\.venv\Lib\site-packages\django\template\base.py", line 154, in __init__
    self.nodelist = self.compile_nodelist()
                    ~~~~~~~~~~~~~~~~~~~~~^^
  File "C:\Users\SAMURAI\PycharmProjects\certular\.venv\Lib\site-packages\django\template\base.py", line 196, in compile_nodelist
    nodelist = parser.parse()
  File "C:\Users\SAMURAI\PycharmProjects\certular\.venv\Lib\site-packages\django\template\base.py", line 518, in parse
    raise self.error(token, e)
  File "C:\Users\SAMURAI\PycharmProjects\certular\.venv\Lib\site-packages\django\template\base.py", line 516, in parse
    compiled_result = compile_func(self, token)
  File "C:\Users\SAMURAI\PycharmProjects\certular\.venv\Lib\site-packages\django\template\loader_tags.py", line 295, in do_extends
    nodelist = parser.parse()
  File "C:\Users\SAMURAI\PycharmProjects\certular\.venv\Lib\site-packages\django\template\base.py", line 518, in parse
    raise self.error(token, e)
  File "C:\Users\SAMURAI\PycharmProjects\certular\.venv\Lib\site-packages\django\template\base.py", line 516, in parse
    compiled_result = compile_func(self, token)
  File "C:\Users\SAMURAI\PycharmProjects\certular\.venv\Lib\site-packages\django\template\loader_tags.py", line 234, in do_block
    nodelist = parser.parse(("endblock",))
  File "C:\Users\SAMURAI\PycharmProjects\certular\.venv\Lib\site-packages\django\template\base.py", line 518, in parse
    raise self.error(token, e)
  File "C:\Users\SAMURAI\PycharmProjects\certular\.venv\Lib\site-packages\django\template\base.py", line 516, in parse
    compiled_result = compile_func(self, token)
  File "C:\Users\SAMURAI\PycharmProjects\certular\.venv\Lib\site-packages\django\template\defaulttags.py", line 962, in do_if
    nodelist = parser.parse(("elif", "else", "endif"))
  File "C:\Users\SAMURAI\PycharmProjects\certular\.venv\Lib\site-packages\django\template\base.py", line 518, in parse
    raise self.error(token, e)
  File "C:\Users\SAMURAI\PycharmProjects\certular\.venv\Lib\site-packages\django\template\base.py", line 516, in parse
    compiled_result = compile_func(self, token)
  File "C:\Users\SAMURAI\PycharmProjects\certular\.venv\Lib\site-packages\django\template\defaulttags.py", line 862, in do_for
    nodelist_loop = parser.parse(
        (
    ...<2 lines>...
        )
    )
  File "C:\Users\SAMURAI\PycharmProjects\certular\.venv\Lib\site-packages\django\template\base.py", line 518, in parse
    raise self.error(token, e)
  File "C:\Users\SAMURAI\PycharmProjects\certular\.venv\Lib\site-packages\django\template\base.py", line 516, in parse
    compiled_result = compile_func(self, token)
  File "C:\Users\SAMURAI\PycharmProjects\certular\.venv\Lib\site-packages\django\template\defaulttags.py", line 961, in do_if
    condition = TemplateIfParser(parser, bits).parse()
                ~~~~~~~~~~~~~~~~^^^^^^^^^^^^^^
  File "C:\Users\SAMURAI\PycharmProjects\certular\.venv\Lib\site-packages\django\template\defaulttags.py", line 894, in __init__
    super().__init__(*args, **kwargs)
    ~~~~~~~~~~~~~~~~^^^^^^^^^^^^^^^^^
  File "C:\Users\SAMURAI\PycharmProjects\certular\.venv\Lib\site-packages\django\template\smartif.py", line 171, in __init__
    mapped_tokens.append(self.translate_token(token))
                         ~~~~~~~~~~~~~~~~~~~~^^^^^^^
  File "C:\Users\SAMURAI\PycharmProjects\certular\.venv\Lib\site-packages\django\template\smartif.py", line 182, in translate_token
    return self.create_var(token)
           ~~~~~~~~~~~~~~~^^^^^^^
  File "C:\Users\SAMURAI\PycharmProjects\certular\.venv\Lib\site-packages\django\template\defaulttags.py", line 897, in create_var
    return TemplateLiteral(self.template_parser.compile_filter(value), value)
                           ~~~~~~~~~~~~~~~~~~~~~~~~~~~~~~~~~~~^^^^^^^
  File "C:\Users\SAMURAI\PycharmProjects\certular\.venv\Lib\site-packages\django\template\base.py", line 605, in compile_filter
    return FilterExpression(token, self)
  File "C:\Users\SAMURAI\PycharmProjects\certular\.venv\Lib\site-packages\django\template\base.py", line 706, in __init__
    raise TemplateSyntaxError(
    ...<2 lines>...
    )
django.template.exceptions.TemplateSyntaxError: Could not parse the remainder: '===' from '==='
2025-01-28 18:57:30,980 django.server ERROR    "GET /ru/reports/ HTTP/1.1" 500 274875
2025-01-28 19:03:39,689 django.server WARNING  "GET /static-root/js/bootstrap.bundle.js.map HTTP/1.1" 404 2015
2025-01-29 09:43:37,474 django.request WARNING  Not Found: /favicon.ico
2025-01-29 09:43:37,474 django.server WARNING  "GET /favicon.ico HTTP/1.1" 404 2999
2025-01-29 10:04:35,653 django.request ERROR    Internal Server Error: /en/reports/
Traceback (most recent call last):
  File "C:\Users\SAMURAI\PycharmProjects\certular\.venv\Lib\site-packages\django\template\base.py", line 510, in parse
    compile_func = self.tags[command]
                   ~~~~~~~~~^^^^^^^^^
KeyError: 'loop.index'

During handling of the above exception, another exception occurred:

Traceback (most recent call last):
  File "C:\Users\SAMURAI\PycharmProjects\certular\.venv\Lib\site-packages\django\core\handlers\exception.py", line 55, in inner
    response = get_response(request)
  File "C:\Users\SAMURAI\PycharmProjects\certular\.venv\Lib\site-packages\django\core\handlers\base.py", line 220, in _get_response
    response = response.render()
  File "C:\Users\SAMURAI\PycharmProjects\certular\.venv\Lib\site-packages\django\template\response.py", line 114, in render
    self.content = self.rendered_content
                   ^^^^^^^^^^^^^^^^^^^^^
  File "C:\Users\SAMURAI\PycharmProjects\certular\.venv\Lib\site-packages\django\template\response.py", line 90, in rendered_content
    template = self.resolve_template(self.template_name)
  File "C:\Users\SAMURAI\PycharmProjects\certular\.venv\Lib\site-packages\django\template\response.py", line 72, in resolve_template
    return select_template(template, using=self.using)
  File "C:\Users\SAMURAI\PycharmProjects\certular\.venv\Lib\site-packages\django\template\loader.py", line 42, in select_template
    return engine.get_template(template_name)
           ~~~~~~~~~~~~~~~~~~~^^^^^^^^^^^^^^^
  File "C:\Users\SAMURAI\PycharmProjects\certular\.venv\Lib\site-packages\django\template\backends\django.py", line 79, in get_template
    return Template(self.engine.get_template(template_name), self)
                    ~~~~~~~~~~~~~~~~~~~~~~~~^^^^^^^^^^^^^^^
  File "C:\Users\SAMURAI\PycharmProjects\certular\.venv\Lib\site-packages\django\template\engine.py", line 177, in get_template
    template, origin = self.find_template(template_name)
                       ~~~~~~~~~~~~~~~~~~^^^^^^^^^^^^^^^
  File "C:\Users\SAMURAI\PycharmProjects\certular\.venv\Lib\site-packages\django\template\engine.py", line 159, in find_template
    template = loader.get_template(name, skip=skip)
  File "C:\Users\SAMURAI\PycharmProjects\certular\.venv\Lib\site-packages\django\template\loaders\cached.py", line 57, in get_template
    template = super().get_template(template_name, skip)
  File "C:\Users\SAMURAI\PycharmProjects\certular\.venv\Lib\site-packages\django\template\loaders\base.py", line 28, in get_template
    return Template(
        contents,
    ...<2 lines>...
        self.engine,
    )
  File "C:\Users\SAMURAI\PycharmProjects\certular\.venv\Lib\site-packages\django\template\base.py", line 154, in __init__
    self.nodelist = self.compile_nodelist()
                    ~~~~~~~~~~~~~~~~~~~~~^^
  File "C:\Users\SAMURAI\PycharmProjects\certular\.venv\Lib\site-packages\django\template\base.py", line 196, in compile_nodelist
    nodelist = parser.parse()
  File "C:\Users\SAMURAI\PycharmProjects\certular\.venv\Lib\site-packages\django\template\base.py", line 518, in parse
    raise self.error(token, e)
  File "C:\Users\SAMURAI\PycharmProjects\certular\.venv\Lib\site-packages\django\template\base.py", line 516, in parse
    compiled_result = compile_func(self, token)
  File "C:\Users\SAMURAI\PycharmProjects\certular\.venv\Lib\site-packages\django\template\loader_tags.py", line 295, in do_extends
    nodelist = parser.parse()
  File "C:\Users\SAMURAI\PycharmProjects\certular\.venv\Lib\site-packages\django\template\base.py", line 518, in parse
    raise self.error(token, e)
  File "C:\Users\SAMURAI\PycharmProjects\certular\.venv\Lib\site-packages\django\template\base.py", line 516, in parse
    compiled_result = compile_func(self, token)
  File "C:\Users\SAMURAI\PycharmProjects\certular\.venv\Lib\site-packages\django\template\loader_tags.py", line 234, in do_block
    nodelist = parser.parse(("endblock",))
  File "C:\Users\SAMURAI\PycharmProjects\certular\.venv\Lib\site-packages\django\template\base.py", line 518, in parse
    raise self.error(token, e)
  File "C:\Users\SAMURAI\PycharmProjects\certular\.venv\Lib\site-packages\django\template\base.py", line 516, in parse
    compiled_result = compile_func(self, token)
  File "C:\Users\SAMURAI\PycharmProjects\certular\.venv\Lib\site-packages\django\template\defaulttags.py", line 962, in do_if
    nodelist = parser.parse(("elif", "else", "endif"))
  File "C:\Users\SAMURAI\PycharmProjects\certular\.venv\Lib\site-packages\django\template\base.py", line 518, in parse
    raise self.error(token, e)
  File "C:\Users\SAMURAI\PycharmProjects\certular\.venv\Lib\site-packages\django\template\base.py", line 516, in parse
    compiled_result = compile_func(self, token)
  File "C:\Users\SAMURAI\PycharmProjects\certular\.venv\Lib\site-packages\django\template\defaulttags.py", line 862, in do_for
    nodelist_loop = parser.parse(
        (
    ...<2 lines>...
        )
    )
  File "C:\Users\SAMURAI\PycharmProjects\certular\.venv\Lib\site-packages\django\template\base.py", line 512, in parse
    self.invalid_block_tag(token, command, parse_until)
    ~~~~~~~~~~~~~~~~~~~~~~^^^^^^^^^^^^^^^^^^^^^^^^^^^^^
  File "C:\Users\SAMURAI\PycharmProjects\certular\.venv\Lib\site-packages\django\template\base.py", line 563, in invalid_block_tag
    raise self.error(
    ...<8 lines>...
    )
django.template.exceptions.TemplateSyntaxError: Invalid block tag on line 34: 'loop.index', expected 'empty' or 'endfor'. Did you forget to register or load this tag?
2025-01-29 10:04:35,657 django.server ERROR    "GET /en/reports/ HTTP/1.1" 500 263124
2025-01-29 10:04:36,586 django.request ERROR    Internal Server Error: /en/reports/
Traceback (most recent call last):
  File "C:\Users\SAMURAI\PycharmProjects\certular\.venv\Lib\site-packages\django\template\base.py", line 510, in parse
    compile_func = self.tags[command]
                   ~~~~~~~~~^^^^^^^^^
KeyError: 'loop.index'

During handling of the above exception, another exception occurred:

Traceback (most recent call last):
  File "C:\Users\SAMURAI\PycharmProjects\certular\.venv\Lib\site-packages\django\core\handlers\exception.py", line 55, in inner
    response = get_response(request)
  File "C:\Users\SAMURAI\PycharmProjects\certular\.venv\Lib\site-packages\django\core\handlers\base.py", line 220, in _get_response
    response = response.render()
  File "C:\Users\SAMURAI\PycharmProjects\certular\.venv\Lib\site-packages\django\template\response.py", line 114, in render
    self.content = self.rendered_content
                   ^^^^^^^^^^^^^^^^^^^^^
  File "C:\Users\SAMURAI\PycharmProjects\certular\.venv\Lib\site-packages\django\template\response.py", line 90, in rendered_content
    template = self.resolve_template(self.template_name)
  File "C:\Users\SAMURAI\PycharmProjects\certular\.venv\Lib\site-packages\django\template\response.py", line 72, in resolve_template
    return select_template(template, using=self.using)
  File "C:\Users\SAMURAI\PycharmProjects\certular\.venv\Lib\site-packages\django\template\loader.py", line 42, in select_template
    return engine.get_template(template_name)
           ~~~~~~~~~~~~~~~~~~~^^^^^^^^^^^^^^^
  File "C:\Users\SAMURAI\PycharmProjects\certular\.venv\Lib\site-packages\django\template\backends\django.py", line 79, in get_template
    return Template(self.engine.get_template(template_name), self)
                    ~~~~~~~~~~~~~~~~~~~~~~~~^^^^^^^^^^^^^^^
  File "C:\Users\SAMURAI\PycharmProjects\certular\.venv\Lib\site-packages\django\template\engine.py", line 177, in get_template
    template, origin = self.find_template(template_name)
                       ~~~~~~~~~~~~~~~~~~^^^^^^^^^^^^^^^
  File "C:\Users\SAMURAI\PycharmProjects\certular\.venv\Lib\site-packages\django\template\engine.py", line 159, in find_template
    template = loader.get_template(name, skip=skip)
  File "C:\Users\SAMURAI\PycharmProjects\certular\.venv\Lib\site-packages\django\template\loaders\cached.py", line 57, in get_template
    template = super().get_template(template_name, skip)
  File "C:\Users\SAMURAI\PycharmProjects\certular\.venv\Lib\site-packages\django\template\loaders\base.py", line 28, in get_template
    return Template(
        contents,
    ...<2 lines>...
        self.engine,
    )
  File "C:\Users\SAMURAI\PycharmProjects\certular\.venv\Lib\site-packages\django\template\base.py", line 154, in __init__
    self.nodelist = self.compile_nodelist()
                    ~~~~~~~~~~~~~~~~~~~~~^^
  File "C:\Users\SAMURAI\PycharmProjects\certular\.venv\Lib\site-packages\django\template\base.py", line 196, in compile_nodelist
    nodelist = parser.parse()
  File "C:\Users\SAMURAI\PycharmProjects\certular\.venv\Lib\site-packages\django\template\base.py", line 518, in parse
    raise self.error(token, e)
  File "C:\Users\SAMURAI\PycharmProjects\certular\.venv\Lib\site-packages\django\template\base.py", line 516, in parse
    compiled_result = compile_func(self, token)
  File "C:\Users\SAMURAI\PycharmProjects\certular\.venv\Lib\site-packages\django\template\loader_tags.py", line 295, in do_extends
    nodelist = parser.parse()
  File "C:\Users\SAMURAI\PycharmProjects\certular\.venv\Lib\site-packages\django\template\base.py", line 518, in parse
    raise self.error(token, e)
  File "C:\Users\SAMURAI\PycharmProjects\certular\.venv\Lib\site-packages\django\template\base.py", line 516, in parse
    compiled_result = compile_func(self, token)
  File "C:\Users\SAMURAI\PycharmProjects\certular\.venv\Lib\site-packages\django\template\loader_tags.py", line 234, in do_block
    nodelist = parser.parse(("endblock",))
  File "C:\Users\SAMURAI\PycharmProjects\certular\.venv\Lib\site-packages\django\template\base.py", line 518, in parse
    raise self.error(token, e)
  File "C:\Users\SAMURAI\PycharmProjects\certular\.venv\Lib\site-packages\django\template\base.py", line 516, in parse
    compiled_result = compile_func(self, token)
  File "C:\Users\SAMURAI\PycharmProjects\certular\.venv\Lib\site-packages\django\template\defaulttags.py", line 962, in do_if
    nodelist = parser.parse(("elif", "else", "endif"))
  File "C:\Users\SAMURAI\PycharmProjects\certular\.venv\Lib\site-packages\django\template\base.py", line 518, in parse
    raise self.error(token, e)
  File "C:\Users\SAMURAI\PycharmProjects\certular\.venv\Lib\site-packages\django\template\base.py", line 516, in parse
    compiled_result = compile_func(self, token)
  File "C:\Users\SAMURAI\PycharmProjects\certular\.venv\Lib\site-packages\django\template\defaulttags.py", line 862, in do_for
    nodelist_loop = parser.parse(
        (
    ...<2 lines>...
        )
    )
  File "C:\Users\SAMURAI\PycharmProjects\certular\.venv\Lib\site-packages\django\template\base.py", line 512, in parse
    self.invalid_block_tag(token, command, parse_until)
    ~~~~~~~~~~~~~~~~~~~~~~^^^^^^^^^^^^^^^^^^^^^^^^^^^^^
  File "C:\Users\SAMURAI\PycharmProjects\certular\.venv\Lib\site-packages\django\template\base.py", line 563, in invalid_block_tag
    raise self.error(
    ...<8 lines>...
    )
django.template.exceptions.TemplateSyntaxError: Invalid block tag on line 34: 'loop.index', expected 'empty' or 'endfor'. Did you forget to register or load this tag?
2025-01-29 10:04:36,590 django.server ERROR    "GET /en/reports/ HTTP/1.1" 500 263124
2025-01-29 10:10:07,422 django.server WARNING  "GET /static-root/js/bootstrap.bundle.js.map HTTP/1.1" 404 2015
2025-01-29 10:10:45,210 django.server WARNING  "GET /static-root/js/bootstrap.bundle.js.map HTTP/1.1" 404 2015
2025-01-29 10:10:46,521 django.server WARNING  "GET /static-root/js/bootstrap.bundle.js.map HTTP/1.1" 404 2015
2025-01-29 10:13:15,938 django.request ERROR    Internal Server Error: /ky/reports/
Traceback (most recent call last):
  File "C:\Users\SAMURAI\PycharmProjects\certular\.venv\Lib\site-packages\django\template\base.py", line 510, in parse
    compile_func = self.tags[command]
                   ~~~~~~~~~^^^^^^^^^
KeyError: 'set'

During handling of the above exception, another exception occurred:

Traceback (most recent call last):
  File "C:\Users\SAMURAI\PycharmProjects\certular\.venv\Lib\site-packages\django\core\handlers\exception.py", line 55, in inner
    response = get_response(request)
  File "C:\Users\SAMURAI\PycharmProjects\certular\.venv\Lib\site-packages\django\core\handlers\base.py", line 220, in _get_response
    response = response.render()
  File "C:\Users\SAMURAI\PycharmProjects\certular\.venv\Lib\site-packages\django\template\response.py", line 114, in render
    self.content = self.rendered_content
                   ^^^^^^^^^^^^^^^^^^^^^
  File "C:\Users\SAMURAI\PycharmProjects\certular\.venv\Lib\site-packages\django\template\response.py", line 90, in rendered_content
    template = self.resolve_template(self.template_name)
  File "C:\Users\SAMURAI\PycharmProjects\certular\.venv\Lib\site-packages\django\template\response.py", line 72, in resolve_template
    return select_template(template, using=self.using)
  File "C:\Users\SAMURAI\PycharmProjects\certular\.venv\Lib\site-packages\django\template\loader.py", line 42, in select_template
    return engine.get_template(template_name)
           ~~~~~~~~~~~~~~~~~~~^^^^^^^^^^^^^^^
  File "C:\Users\SAMURAI\PycharmProjects\certular\.venv\Lib\site-packages\django\template\backends\django.py", line 79, in get_template
    return Template(self.engine.get_template(template_name), self)
                    ~~~~~~~~~~~~~~~~~~~~~~~~^^^^^^^^^^^^^^^
  File "C:\Users\SAMURAI\PycharmProjects\certular\.venv\Lib\site-packages\django\template\engine.py", line 177, in get_template
    template, origin = self.find_template(template_name)
                       ~~~~~~~~~~~~~~~~~~^^^^^^^^^^^^^^^
  File "C:\Users\SAMURAI\PycharmProjects\certular\.venv\Lib\site-packages\django\template\engine.py", line 159, in find_template
    template = loader.get_template(name, skip=skip)
  File "C:\Users\SAMURAI\PycharmProjects\certular\.venv\Lib\site-packages\django\template\loaders\cached.py", line 57, in get_template
    template = super().get_template(template_name, skip)
  File "C:\Users\SAMURAI\PycharmProjects\certular\.venv\Lib\site-packages\django\template\loaders\base.py", line 28, in get_template
    return Template(
        contents,
    ...<2 lines>...
        self.engine,
    )
  File "C:\Users\SAMURAI\PycharmProjects\certular\.venv\Lib\site-packages\django\template\base.py", line 154, in __init__
    self.nodelist = self.compile_nodelist()
                    ~~~~~~~~~~~~~~~~~~~~~^^
  File "C:\Users\SAMURAI\PycharmProjects\certular\.venv\Lib\site-packages\django\template\base.py", line 196, in compile_nodelist
    nodelist = parser.parse()
  File "C:\Users\SAMURAI\PycharmProjects\certular\.venv\Lib\site-packages\django\template\base.py", line 518, in parse
    raise self.error(token, e)
  File "C:\Users\SAMURAI\PycharmProjects\certular\.venv\Lib\site-packages\django\template\base.py", line 516, in parse
    compiled_result = compile_func(self, token)
  File "C:\Users\SAMURAI\PycharmProjects\certular\.venv\Lib\site-packages\django\template\loader_tags.py", line 295, in do_extends
    nodelist = parser.parse()
  File "C:\Users\SAMURAI\PycharmProjects\certular\.venv\Lib\site-packages\django\template\base.py", line 518, in parse
    raise self.error(token, e)
  File "C:\Users\SAMURAI\PycharmProjects\certular\.venv\Lib\site-packages\django\template\base.py", line 516, in parse
    compiled_result = compile_func(self, token)
  File "C:\Users\SAMURAI\PycharmProjects\certular\.venv\Lib\site-packages\django\template\loader_tags.py", line 234, in do_block
    nodelist = parser.parse(("endblock",))
  File "C:\Users\SAMURAI\PycharmProjects\certular\.venv\Lib\site-packages\django\template\base.py", line 518, in parse
    raise self.error(token, e)
  File "C:\Users\SAMURAI\PycharmProjects\certular\.venv\Lib\site-packages\django\template\base.py", line 516, in parse
    compiled_result = compile_func(self, token)
  File "C:\Users\SAMURAI\PycharmProjects\certular\.venv\Lib\site-packages\django\template\defaulttags.py", line 962, in do_if
    nodelist = parser.parse(("elif", "else", "endif"))
  File "C:\Users\SAMURAI\PycharmProjects\certular\.venv\Lib\site-packages\django\template\base.py", line 512, in parse
    self.invalid_block_tag(token, command, parse_until)
    ~~~~~~~~~~~~~~~~~~~~~~^^^^^^^^^^^^^^^^^^^^^^^^^^^^^
  File "C:\Users\SAMURAI\PycharmProjects\certular\.venv\Lib\site-packages\django\template\base.py", line 563, in invalid_block_tag
    raise self.error(
    ...<8 lines>...
    )
django.template.exceptions.TemplateSyntaxError: Invalid block tag on line 32: 'set', expected 'elif','else' or 'endif'. Did you forget to register or load this tag?
2025-01-29 10:13:15,941 django.server ERROR    "GET /ky/reports/ HTTP/1.1" 500 242659
2025-01-29 10:13:20,592 django.request ERROR    Internal Server Error: /ky/reports/
Traceback (most recent call last):
  File "C:\Users\SAMURAI\PycharmProjects\certular\.venv\Lib\site-packages\django\template\base.py", line 510, in parse
    compile_func = self.tags[command]
                   ~~~~~~~~~^^^^^^^^^
KeyError: 'set'

During handling of the above exception, another exception occurred:

Traceback (most recent call last):
  File "C:\Users\SAMURAI\PycharmProjects\certular\.venv\Lib\site-packages\django\core\handlers\exception.py", line 55, in inner
    response = get_response(request)
  File "C:\Users\SAMURAI\PycharmProjects\certular\.venv\Lib\site-packages\django\core\handlers\base.py", line 220, in _get_response
    response = response.render()
  File "C:\Users\SAMURAI\PycharmProjects\certular\.venv\Lib\site-packages\django\template\response.py", line 114, in render
    self.content = self.rendered_content
                   ^^^^^^^^^^^^^^^^^^^^^
  File "C:\Users\SAMURAI\PycharmProjects\certular\.venv\Lib\site-packages\django\template\response.py", line 90, in rendered_content
    template = self.resolve_template(self.template_name)
  File "C:\Users\SAMURAI\PycharmProjects\certular\.venv\Lib\site-packages\django\template\response.py", line 72, in resolve_template
    return select_template(template, using=self.using)
  File "C:\Users\SAMURAI\PycharmProjects\certular\.venv\Lib\site-packages\django\template\loader.py", line 42, in select_template
    return engine.get_template(template_name)
           ~~~~~~~~~~~~~~~~~~~^^^^^^^^^^^^^^^
  File "C:\Users\SAMURAI\PycharmProjects\certular\.venv\Lib\site-packages\django\template\backends\django.py", line 79, in get_template
    return Template(self.engine.get_template(template_name), self)
                    ~~~~~~~~~~~~~~~~~~~~~~~~^^^^^^^^^^^^^^^
  File "C:\Users\SAMURAI\PycharmProjects\certular\.venv\Lib\site-packages\django\template\engine.py", line 177, in get_template
    template, origin = self.find_template(template_name)
                       ~~~~~~~~~~~~~~~~~~^^^^^^^^^^^^^^^
  File "C:\Users\SAMURAI\PycharmProjects\certular\.venv\Lib\site-packages\django\template\engine.py", line 159, in find_template
    template = loader.get_template(name, skip=skip)
  File "C:\Users\SAMURAI\PycharmProjects\certular\.venv\Lib\site-packages\django\template\loaders\cached.py", line 57, in get_template
    template = super().get_template(template_name, skip)
  File "C:\Users\SAMURAI\PycharmProjects\certular\.venv\Lib\site-packages\django\template\loaders\base.py", line 28, in get_template
    return Template(
        contents,
    ...<2 lines>...
        self.engine,
    )
  File "C:\Users\SAMURAI\PycharmProjects\certular\.venv\Lib\site-packages\django\template\base.py", line 154, in __init__
    self.nodelist = self.compile_nodelist()
                    ~~~~~~~~~~~~~~~~~~~~~^^
  File "C:\Users\SAMURAI\PycharmProjects\certular\.venv\Lib\site-packages\django\template\base.py", line 196, in compile_nodelist
    nodelist = parser.parse()
  File "C:\Users\SAMURAI\PycharmProjects\certular\.venv\Lib\site-packages\django\template\base.py", line 518, in parse
    raise self.error(token, e)
  File "C:\Users\SAMURAI\PycharmProjects\certular\.venv\Lib\site-packages\django\template\base.py", line 516, in parse
    compiled_result = compile_func(self, token)
  File "C:\Users\SAMURAI\PycharmProjects\certular\.venv\Lib\site-packages\django\template\loader_tags.py", line 295, in do_extends
    nodelist = parser.parse()
  File "C:\Users\SAMURAI\PycharmProjects\certular\.venv\Lib\site-packages\django\template\base.py", line 518, in parse
    raise self.error(token, e)
  File "C:\Users\SAMURAI\PycharmProjects\certular\.venv\Lib\site-packages\django\template\base.py", line 516, in parse
    compiled_result = compile_func(self, token)
  File "C:\Users\SAMURAI\PycharmProjects\certular\.venv\Lib\site-packages\django\template\loader_tags.py", line 234, in do_block
    nodelist = parser.parse(("endblock",))
  File "C:\Users\SAMURAI\PycharmProjects\certular\.venv\Lib\site-packages\django\template\base.py", line 518, in parse
    raise self.error(token, e)
  File "C:\Users\SAMURAI\PycharmProjects\certular\.venv\Lib\site-packages\django\template\base.py", line 516, in parse
    compiled_result = compile_func(self, token)
  File "C:\Users\SAMURAI\PycharmProjects\certular\.venv\Lib\site-packages\django\template\defaulttags.py", line 962, in do_if
    nodelist = parser.parse(("elif", "else", "endif"))
  File "C:\Users\SAMURAI\PycharmProjects\certular\.venv\Lib\site-packages\django\template\base.py", line 512, in parse
    self.invalid_block_tag(token, command, parse_until)
    ~~~~~~~~~~~~~~~~~~~~~~^^^^^^^^^^^^^^^^^^^^^^^^^^^^^
  File "C:\Users\SAMURAI\PycharmProjects\certular\.venv\Lib\site-packages\django\template\base.py", line 563, in invalid_block_tag
    raise self.error(
    ...<8 lines>...
    )
django.template.exceptions.TemplateSyntaxError: Invalid block tag on line 32: 'set', expected 'elif','else' or 'endif'. Did you forget to register or load this tag?
2025-01-29 10:13:20,599 django.server ERROR    "GET /ky/reports/ HTTP/1.1" 500 242659
2025-01-29 10:14:56,293 django.request ERROR    Internal Server Error: /ky/reports/
Traceback (most recent call last):
  File "C:\Users\SAMURAI\PycharmProjects\certular\.venv\Lib\site-packages\django\template\base.py", line 510, in parse
    compile_func = self.tags[command]
                   ~~~~~~~~~^^^^^^^^^
KeyError: 'set'

During handling of the above exception, another exception occurred:

Traceback (most recent call last):
  File "C:\Users\SAMURAI\PycharmProjects\certular\.venv\Lib\site-packages\django\core\handlers\exception.py", line 55, in inner
    response = get_response(request)
  File "C:\Users\SAMURAI\PycharmProjects\certular\.venv\Lib\site-packages\django\core\handlers\base.py", line 220, in _get_response
    response = response.render()
  File "C:\Users\SAMURAI\PycharmProjects\certular\.venv\Lib\site-packages\django\template\response.py", line 114, in render
    self.content = self.rendered_content
                   ^^^^^^^^^^^^^^^^^^^^^
  File "C:\Users\SAMURAI\PycharmProjects\certular\.venv\Lib\site-packages\django\template\response.py", line 90, in rendered_content
    template = self.resolve_template(self.template_name)
  File "C:\Users\SAMURAI\PycharmProjects\certular\.venv\Lib\site-packages\django\template\response.py", line 72, in resolve_template
    return select_template(template, using=self.using)
  File "C:\Users\SAMURAI\PycharmProjects\certular\.venv\Lib\site-packages\django\template\loader.py", line 42, in select_template
    return engine.get_template(template_name)
           ~~~~~~~~~~~~~~~~~~~^^^^^^^^^^^^^^^
  File "C:\Users\SAMURAI\PycharmProjects\certular\.venv\Lib\site-packages\django\template\backends\django.py", line 79, in get_template
    return Template(self.engine.get_template(template_name), self)
                    ~~~~~~~~~~~~~~~~~~~~~~~~^^^^^^^^^^^^^^^
  File "C:\Users\SAMURAI\PycharmProjects\certular\.venv\Lib\site-packages\django\template\engine.py", line 177, in get_template
    template, origin = self.find_template(template_name)
                       ~~~~~~~~~~~~~~~~~~^^^^^^^^^^^^^^^
  File "C:\Users\SAMURAI\PycharmProjects\certular\.venv\Lib\site-packages\django\template\engine.py", line 159, in find_template
    template = loader.get_template(name, skip=skip)
  File "C:\Users\SAMURAI\PycharmProjects\certular\.venv\Lib\site-packages\django\template\loaders\cached.py", line 57, in get_template
    template = super().get_template(template_name, skip)
  File "C:\Users\SAMURAI\PycharmProjects\certular\.venv\Lib\site-packages\django\template\loaders\base.py", line 28, in get_template
    return Template(
        contents,
    ...<2 lines>...
        self.engine,
    )
  File "C:\Users\SAMURAI\PycharmProjects\certular\.venv\Lib\site-packages\django\template\base.py", line 154, in __init__
    self.nodelist = self.compile_nodelist()
                    ~~~~~~~~~~~~~~~~~~~~~^^
  File "C:\Users\SAMURAI\PycharmProjects\certular\.venv\Lib\site-packages\django\template\base.py", line 196, in compile_nodelist
    nodelist = parser.parse()
  File "C:\Users\SAMURAI\PycharmProjects\certular\.venv\Lib\site-packages\django\template\base.py", line 518, in parse
    raise self.error(token, e)
  File "C:\Users\SAMURAI\PycharmProjects\certular\.venv\Lib\site-packages\django\template\base.py", line 516, in parse
    compiled_result = compile_func(self, token)
  File "C:\Users\SAMURAI\PycharmProjects\certular\.venv\Lib\site-packages\django\template\loader_tags.py", line 295, in do_extends
    nodelist = parser.parse()
  File "C:\Users\SAMURAI\PycharmProjects\certular\.venv\Lib\site-packages\django\template\base.py", line 518, in parse
    raise self.error(token, e)
  File "C:\Users\SAMURAI\PycharmProjects\certular\.venv\Lib\site-packages\django\template\base.py", line 516, in parse
    compiled_result = compile_func(self, token)
  File "C:\Users\SAMURAI\PycharmProjects\certular\.venv\Lib\site-packages\django\template\loader_tags.py", line 234, in do_block
    nodelist = parser.parse(("endblock",))
  File "C:\Users\SAMURAI\PycharmProjects\certular\.venv\Lib\site-packages\django\template\base.py", line 518, in parse
    raise self.error(token, e)
  File "C:\Users\SAMURAI\PycharmProjects\certular\.venv\Lib\site-packages\django\template\base.py", line 516, in parse
    compiled_result = compile_func(self, token)
  File "C:\Users\SAMURAI\PycharmProjects\certular\.venv\Lib\site-packages\django\template\defaulttags.py", line 962, in do_if
    nodelist = parser.parse(("elif", "else", "endif"))
  File "C:\Users\SAMURAI\PycharmProjects\certular\.venv\Lib\site-packages\django\template\base.py", line 512, in parse
    self.invalid_block_tag(token, command, parse_until)
    ~~~~~~~~~~~~~~~~~~~~~~^^^^^^^^^^^^^^^^^^^^^^^^^^^^^
  File "C:\Users\SAMURAI\PycharmProjects\certular\.venv\Lib\site-packages\django\template\base.py", line 563, in invalid_block_tag
    raise self.error(
    ...<8 lines>...
    )
django.template.exceptions.TemplateSyntaxError: Invalid block tag on line 32: 'set', expected 'elif','else' or 'endif'. Did you forget to register or load this tag?
2025-01-29 10:14:56,295 django.server ERROR    "GET /ky/reports/ HTTP/1.1" 500 242659
2025-01-29 10:28:09,974 django.request ERROR    Internal Server Error: /ky/reports/
Traceback (most recent call last):
  File "C:\Users\SAMURAI\PycharmProjects\certular\.venv\Lib\site-packages\django\template\base.py", line 510, in parse
    compile_func = self.tags[command]
                   ~~~~~~~~~^^^^^^^^^
KeyError: 'loop'

During handling of the above exception, another exception occurred:

Traceback (most recent call last):
  File "C:\Users\SAMURAI\PycharmProjects\certular\.venv\Lib\site-packages\django\core\handlers\exception.py", line 55, in inner
    response = get_response(request)
  File "C:\Users\SAMURAI\PycharmProjects\certular\.venv\Lib\site-packages\django\core\handlers\base.py", line 220, in _get_response
    response = response.render()
  File "C:\Users\SAMURAI\PycharmProjects\certular\.venv\Lib\site-packages\django\template\response.py", line 114, in render
    self.content = self.rendered_content
                   ^^^^^^^^^^^^^^^^^^^^^
  File "C:\Users\SAMURAI\PycharmProjects\certular\.venv\Lib\site-packages\django\template\response.py", line 90, in rendered_content
    template = self.resolve_template(self.template_name)
  File "C:\Users\SAMURAI\PycharmProjects\certular\.venv\Lib\site-packages\django\template\response.py", line 72, in resolve_template
    return select_template(template, using=self.using)
  File "C:\Users\SAMURAI\PycharmProjects\certular\.venv\Lib\site-packages\django\template\loader.py", line 42, in select_template
    return engine.get_template(template_name)
           ~~~~~~~~~~~~~~~~~~~^^^^^^^^^^^^^^^
  File "C:\Users\SAMURAI\PycharmProjects\certular\.venv\Lib\site-packages\django\template\backends\django.py", line 79, in get_template
    return Template(self.engine.get_template(template_name), self)
                    ~~~~~~~~~~~~~~~~~~~~~~~~^^^^^^^^^^^^^^^
  File "C:\Users\SAMURAI\PycharmProjects\certular\.venv\Lib\site-packages\django\template\engine.py", line 177, in get_template
    template, origin = self.find_template(template_name)
                       ~~~~~~~~~~~~~~~~~~^^^^^^^^^^^^^^^
  File "C:\Users\SAMURAI\PycharmProjects\certular\.venv\Lib\site-packages\django\template\engine.py", line 159, in find_template
    template = loader.get_template(name, skip=skip)
  File "C:\Users\SAMURAI\PycharmProjects\certular\.venv\Lib\site-packages\django\template\loaders\cached.py", line 57, in get_template
    template = super().get_template(template_name, skip)
  File "C:\Users\SAMURAI\PycharmProjects\certular\.venv\Lib\site-packages\django\template\loaders\base.py", line 28, in get_template
    return Template(
        contents,
    ...<2 lines>...
        self.engine,
    )
  File "C:\Users\SAMURAI\PycharmProjects\certular\.venv\Lib\site-packages\django\template\base.py", line 154, in __init__
    self.nodelist = self.compile_nodelist()
                    ~~~~~~~~~~~~~~~~~~~~~^^
  File "C:\Users\SAMURAI\PycharmProjects\certular\.venv\Lib\site-packages\django\template\base.py", line 196, in compile_nodelist
    nodelist = parser.parse()
  File "C:\Users\SAMURAI\PycharmProjects\certular\.venv\Lib\site-packages\django\template\base.py", line 518, in parse
    raise self.error(token, e)
  File "C:\Users\SAMURAI\PycharmProjects\certular\.venv\Lib\site-packages\django\template\base.py", line 516, in parse
    compiled_result = compile_func(self, token)
  File "C:\Users\SAMURAI\PycharmProjects\certular\.venv\Lib\site-packages\django\template\loader_tags.py", line 295, in do_extends
    nodelist = parser.parse()
  File "C:\Users\SAMURAI\PycharmProjects\certular\.venv\Lib\site-packages\django\template\base.py", line 518, in parse
    raise self.error(token, e)
  File "C:\Users\SAMURAI\PycharmProjects\certular\.venv\Lib\site-packages\django\template\base.py", line 516, in parse
    compiled_result = compile_func(self, token)
  File "C:\Users\SAMURAI\PycharmProjects\certular\.venv\Lib\site-packages\django\template\loader_tags.py", line 234, in do_block
    nodelist = parser.parse(("endblock",))
  File "C:\Users\SAMURAI\PycharmProjects\certular\.venv\Lib\site-packages\django\template\base.py", line 518, in parse
    raise self.error(token, e)
  File "C:\Users\SAMURAI\PycharmProjects\certular\.venv\Lib\site-packages\django\template\base.py", line 516, in parse
    compiled_result = compile_func(self, token)
  File "C:\Users\SAMURAI\PycharmProjects\certular\.venv\Lib\site-packages\django\template\defaulttags.py", line 962, in do_if
    nodelist = parser.parse(("elif", "else", "endif"))
  File "C:\Users\SAMURAI\PycharmProjects\certular\.venv\Lib\site-packages\django\template\base.py", line 518, in parse
    raise self.error(token, e)
  File "C:\Users\SAMURAI\PycharmProjects\certular\.venv\Lib\site-packages\django\template\base.py", line 516, in parse
    compiled_result = compile_func(self, token)
  File "C:\Users\SAMURAI\PycharmProjects\certular\.venv\Lib\site-packages\django\template\defaulttags.py", line 862, in do_for
    nodelist_loop = parser.parse(
        (
    ...<2 lines>...
        )
    )
  File "C:\Users\SAMURAI\PycharmProjects\certular\.venv\Lib\site-packages\django\template\base.py", line 512, in parse
    self.invalid_block_tag(token, command, parse_until)
    ~~~~~~~~~~~~~~~~~~~~~~^^^^^^^^^^^^^^^^^^^^^^^^^^^^^
  File "C:\Users\SAMURAI\PycharmProjects\certular\.venv\Lib\site-packages\django\template\base.py", line 563, in invalid_block_tag
    raise self.error(
    ...<8 lines>...
    )
django.template.exceptions.TemplateSyntaxError: Invalid block tag on line 34: 'loop', expected 'empty' or 'endfor'. Did you forget to register or load this tag?
2025-01-29 10:28:09,977 django.server ERROR    "GET /ky/reports/ HTTP/1.1" 500 263046
2025-01-29 10:50:34,540 django.server WARNING  "GET /static-root/js/bootstrap.bundle.js.map HTTP/1.1" 404 2015
2025-01-29 10:51:03,051 django.server WARNING  "GET /static-root/js/bootstrap.bundle.js.map HTTP/1.1" 404 2015
2025-01-29 10:51:23,557 django.server WARNING  "GET /static-root/js/bootstrap.bundle.js.map HTTP/1.1" 404 2015
2025-01-29 10:51:24,931 django.server WARNING  "GET /static-root/js/bootstrap.bundle.js.map HTTP/1.1" 404 2015
2025-01-29 10:53:01,338 django.server WARNING  "GET /static-root/js/bootstrap.bundle.js.map HTTP/1.1" 404 2015
2025-01-29 10:53:32,913 django.server WARNING  "GET /static-root/js/bootstrap.bundle.js.map HTTP/1.1" 404 2015
2025-01-29 10:54:19,330 django.server WARNING  "GET /static-root/js/bootstrap.bundle.js.map HTTP/1.1" 404 2015
2025-01-29 10:55:05,332 django.server WARNING  "GET /static-root/js/bootstrap.bundle.js.map HTTP/1.1" 404 2015
2025-01-29 11:03:01,911 django.server WARNING  "GET /static-root/js/bootstrap.bundle.js.map HTTP/1.1" 404 2015
2025-01-29 11:03:02,472 django.server WARNING  "GET /static-root/js/bootstrap.bundle.js.map HTTP/1.1" 404 2015
2025-01-29 11:03:23,709 django.server WARNING  "GET /static-root/js/bootstrap.bundle.js.map HTTP/1.1" 404 2015
2025-01-29 11:05:58,137 django.server WARNING  "GET /static-root/js/bootstrap.bundle.js.map HTTP/1.1" 404 2015
2025-01-29 11:06:28,174 django.server WARNING  "GET /static-root/js/bootstrap.bundle.js.map HTTP/1.1" 404 2015
2025-01-29 11:06:29,058 django.server WARNING  "GET /static-root/js/bootstrap.bundle.js.map HTTP/1.1" 404 2015
2025-01-29 11:06:58,447 django.server WARNING  "GET /static-root/js/bootstrap.bundle.js.map HTTP/1.1" 404 2015
2025-01-29 11:07:01,526 django.server WARNING  "GET /static-root/js/bootstrap.bundle.js.map HTTP/1.1" 404 2015
2025-01-29 11:07:09,116 django.server WARNING  "GET /static-root/js/bootstrap.bundle.js.map HTTP/1.1" 404 2015
2025-01-29 11:07:09,943 django.server WARNING  "GET /static-root/js/bootstrap.bundle.js.map HTTP/1.1" 404 2015
2025-01-29 14:06:37,026 django.request WARNING  Not Found: /favicon.ico
2025-01-29 14:06:37,026 django.server WARNING  "GET /favicon.ico HTTP/1.1" 404 2999
2025-01-29 14:07:33,077 django.request ERROR    Internal Server Error: /ru/appeals/
Traceback (most recent call last):
  File "C:\Users\SAMURAI\PycharmProjects\certular\.venv\Lib\site-packages\django\core\handlers\exception.py", line 55, in inner
    response = get_response(request)
  File "C:\Users\SAMURAI\PycharmProjects\certular\.venv\Lib\site-packages\django\core\handlers\base.py", line 204, in _get_response
    self.check_response(response, callback)
    ~~~~~~~~~~~~~~~~~~~^^^^^^^^^^^^^^^^^^^^
  File "C:\Users\SAMURAI\PycharmProjects\certular\.venv\Lib\site-packages\django\core\handlers\base.py", line 332, in check_response
    raise ValueError(
    ...<2 lines>...
    )
ValueError: The view appeals_app.views.appeals_post didn't return an HttpResponse object. It returned None instead.
2025-01-29 14:07:33,080 django.server ERROR    "GET /ru/appeals/ HTTP/1.1" 500 66032
2025-01-29 14:07:36,492 django.server WARNING  "GET /static-root/js/bootstrap.bundle.js.map HTTP/1.1" 404 2015
2025-01-29 14:08:07,715 django.request ERROR    Internal Server Error: /ru/appeals/
Traceback (most recent call last):
  File "C:\Users\SAMURAI\PycharmProjects\certular\.venv\Lib\site-packages\django\core\handlers\exception.py", line 55, in inner
    response = get_response(request)
  File "C:\Users\SAMURAI\PycharmProjects\certular\.venv\Lib\site-packages\django\core\handlers\base.py", line 204, in _get_response
    self.check_response(response, callback)
    ~~~~~~~~~~~~~~~~~~~^^^^^^^^^^^^^^^^^^^^
  File "C:\Users\SAMURAI\PycharmProjects\certular\.venv\Lib\site-packages\django\core\handlers\base.py", line 332, in check_response
    raise ValueError(
    ...<2 lines>...
    )
ValueError: The view appeals_app.views.appeals_post didn't return an HttpResponse object. It returned None instead.
2025-01-29 14:08:07,718 django.server ERROR    "GET /ru/appeals/ HTTP/1.1" 500 66134
2025-01-29 14:10:44,929 django.request ERROR    Internal Server Error: /ru/appeals/
Traceback (most recent call last):
  File "C:\Users\SAMURAI\PycharmProjects\certular\.venv\Lib\site-packages\django\core\handlers\exception.py", line 55, in inner
    response = get_response(request)
  File "C:\Users\SAMURAI\PycharmProjects\certular\.venv\Lib\site-packages\django\core\handlers\base.py", line 204, in _get_response
    self.check_response(response, callback)
    ~~~~~~~~~~~~~~~~~~~^^^^^^^^^^^^^^^^^^^^
  File "C:\Users\SAMURAI\PycharmProjects\certular\.venv\Lib\site-packages\django\core\handlers\base.py", line 332, in check_response
    raise ValueError(
    ...<2 lines>...
    )
ValueError: The view appeals_app.views.appeals_post didn't return an HttpResponse object. It returned None instead.
2025-01-29 14:10:44,930 django.server ERROR    "GET /ru/appeals/ HTTP/1.1" 500 66297
2025-01-29 14:13:55,117 django.request ERROR    Internal Server Error: /ru/appeals/
Traceback (most recent call last):
  File "C:\Users\SAMURAI\PycharmProjects\certular\.venv\Lib\site-packages\django\core\handlers\exception.py", line 55, in inner
    response = get_response(request)
  File "C:\Users\SAMURAI\PycharmProjects\certular\.venv\Lib\site-packages\django\core\handlers\base.py", line 204, in _get_response
    self.check_response(response, callback)
    ~~~~~~~~~~~~~~~~~~~^^^^^^^^^^^^^^^^^^^^
  File "C:\Users\SAMURAI\PycharmProjects\certular\.venv\Lib\site-packages\django\core\handlers\base.py", line 332, in check_response
    raise ValueError(
    ...<2 lines>...
    )
ValueError: The view appeals_app.views.appeals_post didn't return an HttpResponse object. It returned None instead.
2025-01-29 14:13:55,118 django.server ERROR    "GET /ru/appeals/ HTTP/1.1" 500 66297
2025-01-29 14:15:31,944 django.request ERROR    Internal Server Error: /ru/contacts/
Traceback (most recent call last):
  File "C:\Users\SAMURAI\PycharmProjects\certular\.venv\Lib\site-packages\django\urls\base.py", line 71, in reverse
    extra, resolver = resolver.namespace_dict[ns]
                      ~~~~~~~~~~~~~~~~~~~~~~~^^^^
KeyError: 'appeals_app'

During handling of the above exception, another exception occurred:

Traceback (most recent call last):
  File "C:\Users\SAMURAI\PycharmProjects\certular\.venv\Lib\site-packages\django\core\handlers\exception.py", line 55, in inner
    response = get_response(request)
  File "C:\Users\SAMURAI\PycharmProjects\certular\.venv\Lib\site-packages\django\core\handlers\base.py", line 220, in _get_response
    response = response.render()
  File "C:\Users\SAMURAI\PycharmProjects\certular\.venv\Lib\site-packages\django\template\response.py", line 114, in render
    self.content = self.rendered_content
                   ^^^^^^^^^^^^^^^^^^^^^
  File "C:\Users\SAMURAI\PycharmProjects\certular\.venv\Lib\site-packages\django\template\response.py", line 92, in rendered_content
    return template.render(context, self._request)
           ~~~~~~~~~~~~~~~^^^^^^^^^^^^^^^^^^^^^^^^
  File "C:\Users\SAMURAI\PycharmProjects\certular\.venv\Lib\site-packages\django\template\backends\django.py", line 107, in render
    return self.template.render(context)
           ~~~~~~~~~~~~~~~~~~~~^^^^^^^^^
  File "C:\Users\SAMURAI\PycharmProjects\certular\.venv\Lib\site-packages\django\template\base.py", line 171, in render
    return self._render(context)
           ~~~~~~~~~~~~^^^^^^^^^
  File "C:\Users\SAMURAI\PycharmProjects\certular\.venv\Lib\site-packages\django\template\base.py", line 163, in _render
    return self.nodelist.render(context)
           ~~~~~~~~~~~~~~~~~~~~^^^^^^^^^
  File "C:\Users\SAMURAI\PycharmProjects\certular\.venv\Lib\site-packages\django\template\base.py", line 1008, in render
    return SafeString("".join([node.render_annotated(context) for node in self]))
                               ~~~~~~~~~~~~~~~~~~~~~^^^^^^^^^
  File "C:\Users\SAMURAI\PycharmProjects\certular\.venv\Lib\site-packages\django\template\base.py", line 969, in render_annotated
    return self.render(context)
           ~~~~~~~~~~~^^^^^^^^^
  File "C:\Users\SAMURAI\PycharmProjects\certular\.venv\Lib\site-packages\django\template\loader_tags.py", line 159, in render
    return compiled_parent._render(context)
           ~~~~~~~~~~~~~~~~~~~~~~~^^^^^^^^^
  File "C:\Users\SAMURAI\PycharmProjects\certular\.venv\Lib\site-packages\django\template\base.py", line 163, in _render
    return self.nodelist.render(context)
           ~~~~~~~~~~~~~~~~~~~~^^^^^^^^^
  File "C:\Users\SAMURAI\PycharmProjects\certular\.venv\Lib\site-packages\django\template\base.py", line 1008, in render
    return SafeString("".join([node.render_annotated(context) for node in self]))
                               ~~~~~~~~~~~~~~~~~~~~~^^^^^^^^^
  File "C:\Users\SAMURAI\PycharmProjects\certular\.venv\Lib\site-packages\django\template\base.py", line 969, in render_annotated
    return self.render(context)
           ~~~~~~~~~~~^^^^^^^^^
  File "C:\Users\SAMURAI\PycharmProjects\certular\.venv\Lib\site-packages\django\template\loader_tags.py", line 65, in render
    result = block.nodelist.render(context)
  File "C:\Users\SAMURAI\PycharmProjects\certular\.venv\Lib\site-packages\django\template\base.py", line 1008, in render
    return SafeString("".join([node.render_annotated(context) for node in self]))
                               ~~~~~~~~~~~~~~~~~~~~~^^^^^^^^^
  File "C:\Users\SAMURAI\PycharmProjects\certular\.venv\Lib\site-packages\django\template\base.py", line 969, in render_annotated
    return self.render(context)
           ~~~~~~~~~~~^^^^^^^^^
  File "C:\Users\SAMURAI\PycharmProjects\certular\.venv\Lib\site-packages\django\template\defaulttags.py", line 480, in render
    url = reverse(view_name, args=args, kwargs=kwargs, current_app=current_app)
  File "C:\Users\SAMURAI\PycharmProjects\certular\.venv\Lib\site-packages\django\urls\base.py", line 82, in reverse
    raise NoReverseMatch("%s is not a registered namespace" % key)
django.urls.exceptions.NoReverseMatch: 'appeals_app' is not a registered namespace
2025-01-29 14:15:31,948 django.server ERROR    "GET /ru/contacts/ HTTP/1.1" 500 179055
2025-01-29 14:17:08,307 django.request ERROR    Internal Server Error: /ru/contacts/
Traceback (most recent call last):
  File "C:\Users\SAMURAI\PycharmProjects\certular\.venv\Lib\site-packages\django\urls\base.py", line 71, in reverse
    extra, resolver = resolver.namespace_dict[ns]
                      ~~~~~~~~~~~~~~~~~~~~~~~^^^^
KeyError: 'appeals_app'

During handling of the above exception, another exception occurred:

Traceback (most recent call last):
  File "C:\Users\SAMURAI\PycharmProjects\certular\.venv\Lib\site-packages\django\core\handlers\exception.py", line 55, in inner
    response = get_response(request)
  File "C:\Users\SAMURAI\PycharmProjects\certular\.venv\Lib\site-packages\django\core\handlers\base.py", line 220, in _get_response
    response = response.render()
  File "C:\Users\SAMURAI\PycharmProjects\certular\.venv\Lib\site-packages\django\template\response.py", line 114, in render
    self.content = self.rendered_content
                   ^^^^^^^^^^^^^^^^^^^^^
  File "C:\Users\SAMURAI\PycharmProjects\certular\.venv\Lib\site-packages\django\template\response.py", line 92, in rendered_content
    return template.render(context, self._request)
           ~~~~~~~~~~~~~~~^^^^^^^^^^^^^^^^^^^^^^^^
  File "C:\Users\SAMURAI\PycharmProjects\certular\.venv\Lib\site-packages\django\template\backends\django.py", line 107, in render
    return self.template.render(context)
           ~~~~~~~~~~~~~~~~~~~~^^^^^^^^^
  File "C:\Users\SAMURAI\PycharmProjects\certular\.venv\Lib\site-packages\django\template\base.py", line 171, in render
    return self._render(context)
           ~~~~~~~~~~~~^^^^^^^^^
  File "C:\Users\SAMURAI\PycharmProjects\certular\.venv\Lib\site-packages\django\template\base.py", line 163, in _render
    return self.nodelist.render(context)
           ~~~~~~~~~~~~~~~~~~~~^^^^^^^^^
  File "C:\Users\SAMURAI\PycharmProjects\certular\.venv\Lib\site-packages\django\template\base.py", line 1008, in render
    return SafeString("".join([node.render_annotated(context) for node in self]))
                               ~~~~~~~~~~~~~~~~~~~~~^^^^^^^^^
  File "C:\Users\SAMURAI\PycharmProjects\certular\.venv\Lib\site-packages\django\template\base.py", line 969, in render_annotated
    return self.render(context)
           ~~~~~~~~~~~^^^^^^^^^
  File "C:\Users\SAMURAI\PycharmProjects\certular\.venv\Lib\site-packages\django\template\loader_tags.py", line 159, in render
    return compiled_parent._render(context)
           ~~~~~~~~~~~~~~~~~~~~~~~^^^^^^^^^
  File "C:\Users\SAMURAI\PycharmProjects\certular\.venv\Lib\site-packages\django\template\base.py", line 163, in _render
    return self.nodelist.render(context)
           ~~~~~~~~~~~~~~~~~~~~^^^^^^^^^
  File "C:\Users\SAMURAI\PycharmProjects\certular\.venv\Lib\site-packages\django\template\base.py", line 1008, in render
    return SafeString("".join([node.render_annotated(context) for node in self]))
                               ~~~~~~~~~~~~~~~~~~~~~^^^^^^^^^
  File "C:\Users\SAMURAI\PycharmProjects\certular\.venv\Lib\site-packages\django\template\base.py", line 969, in render_annotated
    return self.render(context)
           ~~~~~~~~~~~^^^^^^^^^
  File "C:\Users\SAMURAI\PycharmProjects\certular\.venv\Lib\site-packages\django\template\loader_tags.py", line 65, in render
    result = block.nodelist.render(context)
  File "C:\Users\SAMURAI\PycharmProjects\certular\.venv\Lib\site-packages\django\template\base.py", line 1008, in render
    return SafeString("".join([node.render_annotated(context) for node in self]))
                               ~~~~~~~~~~~~~~~~~~~~~^^^^^^^^^
  File "C:\Users\SAMURAI\PycharmProjects\certular\.venv\Lib\site-packages\django\template\base.py", line 969, in render_annotated
    return self.render(context)
           ~~~~~~~~~~~^^^^^^^^^
  File "C:\Users\SAMURAI\PycharmProjects\certular\.venv\Lib\site-packages\django\template\defaulttags.py", line 480, in render
    url = reverse(view_name, args=args, kwargs=kwargs, current_app=current_app)
  File "C:\Users\SAMURAI\PycharmProjects\certular\.venv\Lib\site-packages\django\urls\base.py", line 82, in reverse
    raise NoReverseMatch("%s is not a registered namespace" % key)
django.urls.exceptions.NoReverseMatch: 'appeals_app' is not a registered namespace
2025-01-29 14:17:08,311 django.server ERROR    "GET /ru/contacts/ HTTP/1.1" 500 179055
2025-01-29 14:17:31,770 django.request ERROR    Internal Server Error: /ru/contacts/
Traceback (most recent call last):
  File "C:\Users\SAMURAI\PycharmProjects\certular\.venv\Lib\site-packages\django\core\handlers\exception.py", line 55, in inner
    response = get_response(request)
  File "C:\Users\SAMURAI\PycharmProjects\certular\.venv\Lib\site-packages\django\core\handlers\base.py", line 220, in _get_response
    response = response.render()
  File "C:\Users\SAMURAI\PycharmProjects\certular\.venv\Lib\site-packages\django\template\response.py", line 114, in render
    self.content = self.rendered_content
                   ^^^^^^^^^^^^^^^^^^^^^
  File "C:\Users\SAMURAI\PycharmProjects\certular\.venv\Lib\site-packages\django\template\response.py", line 92, in rendered_content
    return template.render(context, self._request)
           ~~~~~~~~~~~~~~~^^^^^^^^^^^^^^^^^^^^^^^^
  File "C:\Users\SAMURAI\PycharmProjects\certular\.venv\Lib\site-packages\django\template\backends\django.py", line 107, in render
    return self.template.render(context)
           ~~~~~~~~~~~~~~~~~~~~^^^^^^^^^
  File "C:\Users\SAMURAI\PycharmProjects\certular\.venv\Lib\site-packages\django\template\base.py", line 171, in render
    return self._render(context)
           ~~~~~~~~~~~~^^^^^^^^^
  File "C:\Users\SAMURAI\PycharmProjects\certular\.venv\Lib\site-packages\django\template\base.py", line 163, in _render
    return self.nodelist.render(context)
           ~~~~~~~~~~~~~~~~~~~~^^^^^^^^^
  File "C:\Users\SAMURAI\PycharmProjects\certular\.venv\Lib\site-packages\django\template\base.py", line 1008, in render
    return SafeString("".join([node.render_annotated(context) for node in self]))
                               ~~~~~~~~~~~~~~~~~~~~~^^^^^^^^^
  File "C:\Users\SAMURAI\PycharmProjects\certular\.venv\Lib\site-packages\django\template\base.py", line 969, in render_annotated
    return self.render(context)
           ~~~~~~~~~~~^^^^^^^^^
  File "C:\Users\SAMURAI\PycharmProjects\certular\.venv\Lib\site-packages\django\template\loader_tags.py", line 159, in render
    return compiled_parent._render(context)
           ~~~~~~~~~~~~~~~~~~~~~~~^^^^^^^^^
  File "C:\Users\SAMURAI\PycharmProjects\certular\.venv\Lib\site-packages\django\template\base.py", line 163, in _render
    return self.nodelist.render(context)
           ~~~~~~~~~~~~~~~~~~~~^^^^^^^^^
  File "C:\Users\SAMURAI\PycharmProjects\certular\.venv\Lib\site-packages\django\template\base.py", line 1008, in render
    return SafeString("".join([node.render_annotated(context) for node in self]))
                               ~~~~~~~~~~~~~~~~~~~~~^^^^^^^^^
  File "C:\Users\SAMURAI\PycharmProjects\certular\.venv\Lib\site-packages\django\template\base.py", line 969, in render_annotated
    return self.render(context)
           ~~~~~~~~~~~^^^^^^^^^
  File "C:\Users\SAMURAI\PycharmProjects\certular\.venv\Lib\site-packages\django\template\loader_tags.py", line 65, in render
    result = block.nodelist.render(context)
  File "C:\Users\SAMURAI\PycharmProjects\certular\.venv\Lib\site-packages\django\template\base.py", line 1008, in render
    return SafeString("".join([node.render_annotated(context) for node in self]))
                               ~~~~~~~~~~~~~~~~~~~~~^^^^^^^^^
  File "C:\Users\SAMURAI\PycharmProjects\certular\.venv\Lib\site-packages\django\template\base.py", line 969, in render_annotated
    return self.render(context)
           ~~~~~~~~~~~^^^^^^^^^
  File "C:\Users\SAMURAI\PycharmProjects\certular\.venv\Lib\site-packages\django\template\defaulttags.py", line 480, in render
    url = reverse(view_name, args=args, kwargs=kwargs, current_app=current_app)
  File "C:\Users\SAMURAI\PycharmProjects\certular\.venv\Lib\site-packages\django\urls\base.py", line 88, in reverse
    return resolver._reverse_with_prefix(view, prefix, *args, **kwargs)
           ~~~~~~~~~~~~~~~~~~~~~~~~~~~~~^^^^^^^^^^^^^^^^^^^^^^^^^^^^^^^
  File "C:\Users\SAMURAI\PycharmProjects\certular\.venv\Lib\site-packages\django\urls\resolvers.py", line 831, in _reverse_with_prefix
    raise NoReverseMatch(msg)
django.urls.exceptions.NoReverseMatch: Reverse for 'appeals_app' not found. 'appeals_app' is not a valid view function or pattern name.
2025-01-29 14:17:31,773 django.server ERROR    "GET /ru/contacts/ HTTP/1.1" 500 177045
2025-01-29 14:17:32,441 django.request ERROR    Internal Server Error: /ru/contacts/
Traceback (most recent call last):
  File "C:\Users\SAMURAI\PycharmProjects\certular\.venv\Lib\site-packages\django\core\handlers\exception.py", line 55, in inner
    response = get_response(request)
  File "C:\Users\SAMURAI\PycharmProjects\certular\.venv\Lib\site-packages\django\core\handlers\base.py", line 220, in _get_response
    response = response.render()
  File "C:\Users\SAMURAI\PycharmProjects\certular\.venv\Lib\site-packages\django\template\response.py", line 114, in render
    self.content = self.rendered_content
                   ^^^^^^^^^^^^^^^^^^^^^
  File "C:\Users\SAMURAI\PycharmProjects\certular\.venv\Lib\site-packages\django\template\response.py", line 92, in rendered_content
    return template.render(context, self._request)
           ~~~~~~~~~~~~~~~^^^^^^^^^^^^^^^^^^^^^^^^
  File "C:\Users\SAMURAI\PycharmProjects\certular\.venv\Lib\site-packages\django\template\backends\django.py", line 107, in render
    return self.template.render(context)
           ~~~~~~~~~~~~~~~~~~~~^^^^^^^^^
  File "C:\Users\SAMURAI\PycharmProjects\certular\.venv\Lib\site-packages\django\template\base.py", line 171, in render
    return self._render(context)
           ~~~~~~~~~~~~^^^^^^^^^
  File "C:\Users\SAMURAI\PycharmProjects\certular\.venv\Lib\site-packages\django\template\base.py", line 163, in _render
    return self.nodelist.render(context)
           ~~~~~~~~~~~~~~~~~~~~^^^^^^^^^
  File "C:\Users\SAMURAI\PycharmProjects\certular\.venv\Lib\site-packages\django\template\base.py", line 1008, in render
    return SafeString("".join([node.render_annotated(context) for node in self]))
                               ~~~~~~~~~~~~~~~~~~~~~^^^^^^^^^
  File "C:\Users\SAMURAI\PycharmProjects\certular\.venv\Lib\site-packages\django\template\base.py", line 969, in render_annotated
    return self.render(context)
           ~~~~~~~~~~~^^^^^^^^^
  File "C:\Users\SAMURAI\PycharmProjects\certular\.venv\Lib\site-packages\django\template\loader_tags.py", line 159, in render
    return compiled_parent._render(context)
           ~~~~~~~~~~~~~~~~~~~~~~~^^^^^^^^^
  File "C:\Users\SAMURAI\PycharmProjects\certular\.venv\Lib\site-packages\django\template\base.py", line 163, in _render
    return self.nodelist.render(context)
           ~~~~~~~~~~~~~~~~~~~~^^^^^^^^^
  File "C:\Users\SAMURAI\PycharmProjects\certular\.venv\Lib\site-packages\django\template\base.py", line 1008, in render
    return SafeString("".join([node.render_annotated(context) for node in self]))
                               ~~~~~~~~~~~~~~~~~~~~~^^^^^^^^^
  File "C:\Users\SAMURAI\PycharmProjects\certular\.venv\Lib\site-packages\django\template\base.py", line 969, in render_annotated
    return self.render(context)
           ~~~~~~~~~~~^^^^^^^^^
  File "C:\Users\SAMURAI\PycharmProjects\certular\.venv\Lib\site-packages\django\template\loader_tags.py", line 65, in render
    result = block.nodelist.render(context)
  File "C:\Users\SAMURAI\PycharmProjects\certular\.venv\Lib\site-packages\django\template\base.py", line 1008, in render
    return SafeString("".join([node.render_annotated(context) for node in self]))
                               ~~~~~~~~~~~~~~~~~~~~~^^^^^^^^^
  File "C:\Users\SAMURAI\PycharmProjects\certular\.venv\Lib\site-packages\django\template\base.py", line 969, in render_annotated
    return self.render(context)
           ~~~~~~~~~~~^^^^^^^^^
  File "C:\Users\SAMURAI\PycharmProjects\certular\.venv\Lib\site-packages\django\template\defaulttags.py", line 480, in render
    url = reverse(view_name, args=args, kwargs=kwargs, current_app=current_app)
  File "C:\Users\SAMURAI\PycharmProjects\certular\.venv\Lib\site-packages\django\urls\base.py", line 88, in reverse
    return resolver._reverse_with_prefix(view, prefix, *args, **kwargs)
           ~~~~~~~~~~~~~~~~~~~~~~~~~~~~~^^^^^^^^^^^^^^^^^^^^^^^^^^^^^^^
  File "C:\Users\SAMURAI\PycharmProjects\certular\.venv\Lib\site-packages\django\urls\resolvers.py", line 831, in _reverse_with_prefix
    raise NoReverseMatch(msg)
django.urls.exceptions.NoReverseMatch: Reverse for 'appeals_app' not found. 'appeals_app' is not a valid view function or pattern name.
2025-01-29 14:17:32,444 django.server ERROR    "GET /ru/contacts/ HTTP/1.1" 500 177045
2025-01-29 14:17:57,862 django.request ERROR    Internal Server Error: /ru/contacts/
Traceback (most recent call last):
  File "C:\Users\SAMURAI\PycharmProjects\certular\.venv\Lib\site-packages\django\urls\base.py", line 71, in reverse
    extra, resolver = resolver.namespace_dict[ns]
                      ~~~~~~~~~~~~~~~~~~~~~~~^^^^
KeyError: 'appeals_app'

During handling of the above exception, another exception occurred:

Traceback (most recent call last):
  File "C:\Users\SAMURAI\PycharmProjects\certular\.venv\Lib\site-packages\django\core\handlers\exception.py", line 55, in inner
    response = get_response(request)
  File "C:\Users\SAMURAI\PycharmProjects\certular\.venv\Lib\site-packages\django\core\handlers\base.py", line 220, in _get_response
    response = response.render()
  File "C:\Users\SAMURAI\PycharmProjects\certular\.venv\Lib\site-packages\django\template\response.py", line 114, in render
    self.content = self.rendered_content
                   ^^^^^^^^^^^^^^^^^^^^^
  File "C:\Users\SAMURAI\PycharmProjects\certular\.venv\Lib\site-packages\django\template\response.py", line 92, in rendered_content
    return template.render(context, self._request)
           ~~~~~~~~~~~~~~~^^^^^^^^^^^^^^^^^^^^^^^^
  File "C:\Users\SAMURAI\PycharmProjects\certular\.venv\Lib\site-packages\django\template\backends\django.py", line 107, in render
    return self.template.render(context)
           ~~~~~~~~~~~~~~~~~~~~^^^^^^^^^
  File "C:\Users\SAMURAI\PycharmProjects\certular\.venv\Lib\site-packages\django\template\base.py", line 171, in render
    return self._render(context)
           ~~~~~~~~~~~~^^^^^^^^^
  File "C:\Users\SAMURAI\PycharmProjects\certular\.venv\Lib\site-packages\django\template\base.py", line 163, in _render
    return self.nodelist.render(context)
           ~~~~~~~~~~~~~~~~~~~~^^^^^^^^^
  File "C:\Users\SAMURAI\PycharmProjects\certular\.venv\Lib\site-packages\django\template\base.py", line 1008, in render
    return SafeString("".join([node.render_annotated(context) for node in self]))
                               ~~~~~~~~~~~~~~~~~~~~~^^^^^^^^^
  File "C:\Users\SAMURAI\PycharmProjects\certular\.venv\Lib\site-packages\django\template\base.py", line 969, in render_annotated
    return self.render(context)
           ~~~~~~~~~~~^^^^^^^^^
  File "C:\Users\SAMURAI\PycharmProjects\certular\.venv\Lib\site-packages\django\template\loader_tags.py", line 159, in render
    return compiled_parent._render(context)
           ~~~~~~~~~~~~~~~~~~~~~~~^^^^^^^^^
  File "C:\Users\SAMURAI\PycharmProjects\certular\.venv\Lib\site-packages\django\template\base.py", line 163, in _render
    return self.nodelist.render(context)
           ~~~~~~~~~~~~~~~~~~~~^^^^^^^^^
  File "C:\Users\SAMURAI\PycharmProjects\certular\.venv\Lib\site-packages\django\template\base.py", line 1008, in render
    return SafeString("".join([node.render_annotated(context) for node in self]))
                               ~~~~~~~~~~~~~~~~~~~~~^^^^^^^^^
  File "C:\Users\SAMURAI\PycharmProjects\certular\.venv\Lib\site-packages\django\template\base.py", line 969, in render_annotated
    return self.render(context)
           ~~~~~~~~~~~^^^^^^^^^
  File "C:\Users\SAMURAI\PycharmProjects\certular\.venv\Lib\site-packages\django\template\loader_tags.py", line 65, in render
    result = block.nodelist.render(context)
  File "C:\Users\SAMURAI\PycharmProjects\certular\.venv\Lib\site-packages\django\template\base.py", line 1008, in render
    return SafeString("".join([node.render_annotated(context) for node in self]))
                               ~~~~~~~~~~~~~~~~~~~~~^^^^^^^^^
  File "C:\Users\SAMURAI\PycharmProjects\certular\.venv\Lib\site-packages\django\template\base.py", line 969, in render_annotated
    return self.render(context)
           ~~~~~~~~~~~^^^^^^^^^
  File "C:\Users\SAMURAI\PycharmProjects\certular\.venv\Lib\site-packages\django\template\defaulttags.py", line 480, in render
    url = reverse(view_name, args=args, kwargs=kwargs, current_app=current_app)
  File "C:\Users\SAMURAI\PycharmProjects\certular\.venv\Lib\site-packages\django\urls\base.py", line 82, in reverse
    raise NoReverseMatch("%s is not a registered namespace" % key)
django.urls.exceptions.NoReverseMatch: 'appeals_app' is not a registered namespace
2025-01-29 14:17:57,864 django.server ERROR    "GET /ru/contacts/ HTTP/1.1" 500 179192
2025-01-29 14:17:58,552 django.request ERROR    Internal Server Error: /ru/contacts/
Traceback (most recent call last):
  File "C:\Users\SAMURAI\PycharmProjects\certular\.venv\Lib\site-packages\django\urls\base.py", line 71, in reverse
    extra, resolver = resolver.namespace_dict[ns]
                      ~~~~~~~~~~~~~~~~~~~~~~~^^^^
KeyError: 'appeals_app'

During handling of the above exception, another exception occurred:

Traceback (most recent call last):
  File "C:\Users\SAMURAI\PycharmProjects\certular\.venv\Lib\site-packages\django\core\handlers\exception.py", line 55, in inner
    response = get_response(request)
  File "C:\Users\SAMURAI\PycharmProjects\certular\.venv\Lib\site-packages\django\core\handlers\base.py", line 220, in _get_response
    response = response.render()
  File "C:\Users\SAMURAI\PycharmProjects\certular\.venv\Lib\site-packages\django\template\response.py", line 114, in render
    self.content = self.rendered_content
                   ^^^^^^^^^^^^^^^^^^^^^
  File "C:\Users\SAMURAI\PycharmProjects\certular\.venv\Lib\site-packages\django\template\response.py", line 92, in rendered_content
    return template.render(context, self._request)
           ~~~~~~~~~~~~~~~^^^^^^^^^^^^^^^^^^^^^^^^
  File "C:\Users\SAMURAI\PycharmProjects\certular\.venv\Lib\site-packages\django\template\backends\django.py", line 107, in render
    return self.template.render(context)
           ~~~~~~~~~~~~~~~~~~~~^^^^^^^^^
  File "C:\Users\SAMURAI\PycharmProjects\certular\.venv\Lib\site-packages\django\template\base.py", line 171, in render
    return self._render(context)
           ~~~~~~~~~~~~^^^^^^^^^
  File "C:\Users\SAMURAI\PycharmProjects\certular\.venv\Lib\site-packages\django\template\base.py", line 163, in _render
    return self.nodelist.render(context)
           ~~~~~~~~~~~~~~~~~~~~^^^^^^^^^
  File "C:\Users\SAMURAI\PycharmProjects\certular\.venv\Lib\site-packages\django\template\base.py", line 1008, in render
    return SafeString("".join([node.render_annotated(context) for node in self]))
                               ~~~~~~~~~~~~~~~~~~~~~^^^^^^^^^
  File "C:\Users\SAMURAI\PycharmProjects\certular\.venv\Lib\site-packages\django\template\base.py", line 969, in render_annotated
    return self.render(context)
           ~~~~~~~~~~~^^^^^^^^^
  File "C:\Users\SAMURAI\PycharmProjects\certular\.venv\Lib\site-packages\django\template\loader_tags.py", line 159, in render
    return compiled_parent._render(context)
           ~~~~~~~~~~~~~~~~~~~~~~~^^^^^^^^^
  File "C:\Users\SAMURAI\PycharmProjects\certular\.venv\Lib\site-packages\django\template\base.py", line 163, in _render
    return self.nodelist.render(context)
           ~~~~~~~~~~~~~~~~~~~~^^^^^^^^^
  File "C:\Users\SAMURAI\PycharmProjects\certular\.venv\Lib\site-packages\django\template\base.py", line 1008, in render
    return SafeString("".join([node.render_annotated(context) for node in self]))
                               ~~~~~~~~~~~~~~~~~~~~~^^^^^^^^^
  File "C:\Users\SAMURAI\PycharmProjects\certular\.venv\Lib\site-packages\django\template\base.py", line 969, in render_annotated
    return self.render(context)
           ~~~~~~~~~~~^^^^^^^^^
  File "C:\Users\SAMURAI\PycharmProjects\certular\.venv\Lib\site-packages\django\template\loader_tags.py", line 65, in render
    result = block.nodelist.render(context)
  File "C:\Users\SAMURAI\PycharmProjects\certular\.venv\Lib\site-packages\django\template\base.py", line 1008, in render
    return SafeString("".join([node.render_annotated(context) for node in self]))
                               ~~~~~~~~~~~~~~~~~~~~~^^^^^^^^^
  File "C:\Users\SAMURAI\PycharmProjects\certular\.venv\Lib\site-packages\django\template\base.py", line 969, in render_annotated
    return self.render(context)
           ~~~~~~~~~~~^^^^^^^^^
  File "C:\Users\SAMURAI\PycharmProjects\certular\.venv\Lib\site-packages\django\template\defaulttags.py", line 480, in render
    url = reverse(view_name, args=args, kwargs=kwargs, current_app=current_app)
  File "C:\Users\SAMURAI\PycharmProjects\certular\.venv\Lib\site-packages\django\urls\base.py", line 82, in reverse
    raise NoReverseMatch("%s is not a registered namespace" % key)
django.urls.exceptions.NoReverseMatch: 'appeals_app' is not a registered namespace
2025-01-29 14:17:58,554 django.server ERROR    "GET /ru/contacts/ HTTP/1.1" 500 179192
2025-01-29 14:18:27,122 django.request ERROR    Internal Server Error: /ru/contacts/
Traceback (most recent call last):
  File "C:\Users\SAMURAI\PycharmProjects\certular\.venv\Lib\site-packages\django\urls\base.py", line 71, in reverse
    extra, resolver = resolver.namespace_dict[ns]
                      ~~~~~~~~~~~~~~~~~~~~~~~^^^^
KeyError: 'appeals'

During handling of the above exception, another exception occurred:

Traceback (most recent call last):
  File "C:\Users\SAMURAI\PycharmProjects\certular\.venv\Lib\site-packages\django\core\handlers\exception.py", line 55, in inner
    response = get_response(request)
  File "C:\Users\SAMURAI\PycharmProjects\certular\.venv\Lib\site-packages\django\core\handlers\base.py", line 220, in _get_response
    response = response.render()
  File "C:\Users\SAMURAI\PycharmProjects\certular\.venv\Lib\site-packages\django\template\response.py", line 114, in render
    self.content = self.rendered_content
                   ^^^^^^^^^^^^^^^^^^^^^
  File "C:\Users\SAMURAI\PycharmProjects\certular\.venv\Lib\site-packages\django\template\response.py", line 92, in rendered_content
    return template.render(context, self._request)
           ~~~~~~~~~~~~~~~^^^^^^^^^^^^^^^^^^^^^^^^
  File "C:\Users\SAMURAI\PycharmProjects\certular\.venv\Lib\site-packages\django\template\backends\django.py", line 107, in render
    return self.template.render(context)
           ~~~~~~~~~~~~~~~~~~~~^^^^^^^^^
  File "C:\Users\SAMURAI\PycharmProjects\certular\.venv\Lib\site-packages\django\template\base.py", line 171, in render
    return self._render(context)
           ~~~~~~~~~~~~^^^^^^^^^
  File "C:\Users\SAMURAI\PycharmProjects\certular\.venv\Lib\site-packages\django\template\base.py", line 163, in _render
    return self.nodelist.render(context)
           ~~~~~~~~~~~~~~~~~~~~^^^^^^^^^
  File "C:\Users\SAMURAI\PycharmProjects\certular\.venv\Lib\site-packages\django\template\base.py", line 1008, in render
    return SafeString("".join([node.render_annotated(context) for node in self]))
                               ~~~~~~~~~~~~~~~~~~~~~^^^^^^^^^
  File "C:\Users\SAMURAI\PycharmProjects\certular\.venv\Lib\site-packages\django\template\base.py", line 969, in render_annotated
    return self.render(context)
           ~~~~~~~~~~~^^^^^^^^^
  File "C:\Users\SAMURAI\PycharmProjects\certular\.venv\Lib\site-packages\django\template\loader_tags.py", line 159, in render
    return compiled_parent._render(context)
           ~~~~~~~~~~~~~~~~~~~~~~~^^^^^^^^^
  File "C:\Users\SAMURAI\PycharmProjects\certular\.venv\Lib\site-packages\django\template\base.py", line 163, in _render
    return self.nodelist.render(context)
           ~~~~~~~~~~~~~~~~~~~~^^^^^^^^^
  File "C:\Users\SAMURAI\PycharmProjects\certular\.venv\Lib\site-packages\django\template\base.py", line 1008, in render
    return SafeString("".join([node.render_annotated(context) for node in self]))
                               ~~~~~~~~~~~~~~~~~~~~~^^^^^^^^^
  File "C:\Users\SAMURAI\PycharmProjects\certular\.venv\Lib\site-packages\django\template\base.py", line 969, in render_annotated
    return self.render(context)
           ~~~~~~~~~~~^^^^^^^^^
  File "C:\Users\SAMURAI\PycharmProjects\certular\.venv\Lib\site-packages\django\template\loader_tags.py", line 65, in render
    result = block.nodelist.render(context)
  File "C:\Users\SAMURAI\PycharmProjects\certular\.venv\Lib\site-packages\django\template\base.py", line 1008, in render
    return SafeString("".join([node.render_annotated(context) for node in self]))
                               ~~~~~~~~~~~~~~~~~~~~~^^^^^^^^^
  File "C:\Users\SAMURAI\PycharmProjects\certular\.venv\Lib\site-packages\django\template\base.py", line 969, in render_annotated
    return self.render(context)
           ~~~~~~~~~~~^^^^^^^^^
  File "C:\Users\SAMURAI\PycharmProjects\certular\.venv\Lib\site-packages\django\template\defaulttags.py", line 480, in render
    url = reverse(view_name, args=args, kwargs=kwargs, current_app=current_app)
  File "C:\Users\SAMURAI\PycharmProjects\certular\.venv\Lib\site-packages\django\urls\base.py", line 82, in reverse
    raise NoReverseMatch("%s is not a registered namespace" % key)
django.urls.exceptions.NoReverseMatch: 'appeals' is not a registered namespace
2025-01-29 14:18:27,126 django.server ERROR    "GET /ru/contacts/ HTTP/1.1" 500 179104
2025-01-29 14:23:17,104 django.request ERROR    Internal Server Error: /ru/contacts/
Traceback (most recent call last):
  File "C:\Users\SAMURAI\PycharmProjects\certular\.venv\Lib\site-packages\django\urls\base.py", line 71, in reverse
    extra, resolver = resolver.namespace_dict[ns]
                      ~~~~~~~~~~~~~~~~~~~~~~~^^^^
KeyError: 'appeals_app'

During handling of the above exception, another exception occurred:

Traceback (most recent call last):
  File "C:\Users\SAMURAI\PycharmProjects\certular\.venv\Lib\site-packages\django\core\handlers\exception.py", line 55, in inner
    response = get_response(request)
  File "C:\Users\SAMURAI\PycharmProjects\certular\.venv\Lib\site-packages\django\core\handlers\base.py", line 220, in _get_response
    response = response.render()
  File "C:\Users\SAMURAI\PycharmProjects\certular\.venv\Lib\site-packages\django\template\response.py", line 114, in render
    self.content = self.rendered_content
                   ^^^^^^^^^^^^^^^^^^^^^
  File "C:\Users\SAMURAI\PycharmProjects\certular\.venv\Lib\site-packages\django\template\response.py", line 92, in rendered_content
    return template.render(context, self._request)
           ~~~~~~~~~~~~~~~^^^^^^^^^^^^^^^^^^^^^^^^
  File "C:\Users\SAMURAI\PycharmProjects\certular\.venv\Lib\site-packages\django\template\backends\django.py", line 107, in render
    return self.template.render(context)
           ~~~~~~~~~~~~~~~~~~~~^^^^^^^^^
  File "C:\Users\SAMURAI\PycharmProjects\certular\.venv\Lib\site-packages\django\template\base.py", line 171, in render
    return self._render(context)
           ~~~~~~~~~~~~^^^^^^^^^
  File "C:\Users\SAMURAI\PycharmProjects\certular\.venv\Lib\site-packages\django\template\base.py", line 163, in _render
    return self.nodelist.render(context)
           ~~~~~~~~~~~~~~~~~~~~^^^^^^^^^
  File "C:\Users\SAMURAI\PycharmProjects\certular\.venv\Lib\site-packages\django\template\base.py", line 1008, in render
    return SafeString("".join([node.render_annotated(context) for node in self]))
                               ~~~~~~~~~~~~~~~~~~~~~^^^^^^^^^
  File "C:\Users\SAMURAI\PycharmProjects\certular\.venv\Lib\site-packages\django\template\base.py", line 969, in render_annotated
    return self.render(context)
           ~~~~~~~~~~~^^^^^^^^^
  File "C:\Users\SAMURAI\PycharmProjects\certular\.venv\Lib\site-packages\django\template\loader_tags.py", line 159, in render
    return compiled_parent._render(context)
           ~~~~~~~~~~~~~~~~~~~~~~~^^^^^^^^^
  File "C:\Users\SAMURAI\PycharmProjects\certular\.venv\Lib\site-packages\django\template\base.py", line 163, in _render
    return self.nodelist.render(context)
           ~~~~~~~~~~~~~~~~~~~~^^^^^^^^^
  File "C:\Users\SAMURAI\PycharmProjects\certular\.venv\Lib\site-packages\django\template\base.py", line 1008, in render
    return SafeString("".join([node.render_annotated(context) for node in self]))
                               ~~~~~~~~~~~~~~~~~~~~~^^^^^^^^^
  File "C:\Users\SAMURAI\PycharmProjects\certular\.venv\Lib\site-packages\django\template\base.py", line 969, in render_annotated
    return self.render(context)
           ~~~~~~~~~~~^^^^^^^^^
  File "C:\Users\SAMURAI\PycharmProjects\certular\.venv\Lib\site-packages\django\template\loader_tags.py", line 65, in render
    result = block.nodelist.render(context)
  File "C:\Users\SAMURAI\PycharmProjects\certular\.venv\Lib\site-packages\django\template\base.py", line 1008, in render
    return SafeString("".join([node.render_annotated(context) for node in self]))
                               ~~~~~~~~~~~~~~~~~~~~~^^^^^^^^^
  File "C:\Users\SAMURAI\PycharmProjects\certular\.venv\Lib\site-packages\django\template\base.py", line 969, in render_annotated
    return self.render(context)
           ~~~~~~~~~~~^^^^^^^^^
  File "C:\Users\SAMURAI\PycharmProjects\certular\.venv\Lib\site-packages\django\template\defaulttags.py", line 480, in render
    url = reverse(view_name, args=args, kwargs=kwargs, current_app=current_app)
  File "C:\Users\SAMURAI\PycharmProjects\certular\.venv\Lib\site-packages\django\urls\base.py", line 82, in reverse
    raise NoReverseMatch("%s is not a registered namespace" % key)
django.urls.exceptions.NoReverseMatch: 'appeals_app' is not a registered namespace
2025-01-29 14:23:17,107 django.server ERROR    "GET /ru/contacts/ HTTP/1.1" 500 179055
2025-01-29 14:27:02,455 django.server WARNING  "GET /static-root/js/bootstrap.bundle.js.map HTTP/1.1" 404 2015
2025-01-29 15:03:25,251 django.request ERROR    Internal Server Error: /ru/messages/send/
Traceback (most recent call last):
  File "C:\Users\SAMURAI\PycharmProjects\certular\.venv\Lib\site-packages\django\core\handlers\exception.py", line 55, in inner
    response = get_response(request)
  File "C:\Users\SAMURAI\PycharmProjects\certular\.venv\Lib\site-packages\django\core\handlers\base.py", line 204, in _get_response
    self.check_response(response, callback)
    ~~~~~~~~~~~~~~~~~~~^^^^^^^^^^^^^^^^^^^^
  File "C:\Users\SAMURAI\PycharmProjects\certular\.venv\Lib\site-packages\django\core\handlers\base.py", line 332, in check_response
    raise ValueError(
    ...<2 lines>...
    )
ValueError: The view messages_app.views.send_messages_post didn't return an HttpResponse object. It returned None instead.
2025-01-29 15:03:25,255 django.server ERROR    "GET /ru/messages/send/ HTTP/1.1" 500 65985
2025-01-29 15:03:38,556 django.server WARNING  "GET /static-root/js/bootstrap.bundle.js.map HTTP/1.1" 404 2015
2025-01-29 15:04:01,673 django.request ERROR    Internal Server Error: /ru/messages/send/
Traceback (most recent call last):
  File "C:\Users\SAMURAI\PycharmProjects\certular\.venv\Lib\site-packages\django\core\handlers\exception.py", line 55, in inner
    response = get_response(request)
  File "C:\Users\SAMURAI\PycharmProjects\certular\.venv\Lib\site-packages\django\core\handlers\base.py", line 204, in _get_response
    self.check_response(response, callback)
    ~~~~~~~~~~~~~~~~~~~^^^^^^^^^^^^^^^^^^^^
  File "C:\Users\SAMURAI\PycharmProjects\certular\.venv\Lib\site-packages\django\core\handlers\base.py", line 332, in check_response
    raise ValueError(
    ...<2 lines>...
    )
ValueError: The view messages_app.views.send_messages_post didn't return an HttpResponse object. It returned None instead.
2025-01-29 15:04:01,675 django.server ERROR    "GET /ru/messages/send/ HTTP/1.1" 500 66250
2025-01-29 15:07:50,719 django.request ERROR    Internal Server Error: /ru/messages/send/
Traceback (most recent call last):
  File "C:\Users\SAMURAI\PycharmProjects\certular\.venv\Lib\site-packages\django\core\handlers\exception.py", line 55, in inner
    response = get_response(request)
  File "C:\Users\SAMURAI\PycharmProjects\certular\.venv\Lib\site-packages\django\core\handlers\base.py", line 204, in _get_response
    self.check_response(response, callback)
    ~~~~~~~~~~~~~~~~~~~^^^^^^^^^^^^^^^^^^^^
  File "C:\Users\SAMURAI\PycharmProjects\certular\.venv\Lib\site-packages\django\core\handlers\base.py", line 332, in check_response
    raise ValueError(
    ...<2 lines>...
    )
ValueError: The view messages_app.views.send_messages_post didn't return an HttpResponse object. It returned None instead.
2025-01-29 15:07:50,720 django.server ERROR    "GET /ru/messages/send/ HTTP/1.1" 500 66250
2025-01-29 15:07:54,594 django.server WARNING  "GET /static-root/js/bootstrap.bundle.js.map HTTP/1.1" 404 2015
2025-01-29 15:08:20,250 django.request WARNING  Bad Request: /ru/messages/send/
2025-01-29 15:08:20,252 django.server WARNING  "POST /ru/messages/send/ HTTP/1.1" 400 20
2025-01-29 15:13:13,689 django.request WARNING  Unauthorized: /ru/accounts/login/
2025-01-29 15:13:13,716 django.server WARNING  "POST /ru/accounts/login/ HTTP/1.1" 401 209
2025-01-29 15:26:06,574 django.server WARNING  "GET /static-root/js/bootstrap.bundle.js.map HTTP/1.1" 404 2015
2025-01-29 15:26:42,723 django.server WARNING  "GET /static-root/js/bootstrap.bundle.js.map HTTP/1.1" 404 2015
2025-01-29 15:27:15,408 django.request WARNING  Not Found: /favicon.ico
2025-01-29 15:27:15,408 django.server WARNING  "GET /favicon.ico HTTP/1.1" 404 2999
2025-01-29 15:28:10,386 django.server WARNING  "GET /static-root/js/bootstrap.bundle.js.map HTTP/1.1" 404 2015
2025-01-29 15:28:53,003 django.server WARNING  "GET /static-root/js/bootstrap.bundle.js.map HTTP/1.1" 404 2015
2025-01-29 15:28:53,793 django.server WARNING  "GET /static-root/js/bootstrap.bundle.js.map HTTP/1.1" 404 2015
2025-01-29 15:29:03,745 django.server WARNING  "GET /static-root/js/bootstrap.bundle.js.map HTTP/1.1" 404 2015
2025-01-29 15:30:09,406 django.request WARNING  Not Found: /favicon.ico
2025-01-29 15:30:09,407 django.server WARNING  "GET /favicon.ico HTTP/1.1" 404 2999
2025-01-29 15:30:28,058 django.server WARNING  "GET /static-root/js/bootstrap.bundle.js.map HTTP/1.1" 404 2015
2025-01-29 15:30:44,203 django.server WARNING  "GET /static-root/js/bootstrap.bundle.js.map HTTP/1.1" 404 2015
2025-01-29 15:31:15,191 django.server WARNING  "GET /static-root/js/bootstrap.bundle.js.map HTTP/1.1" 404 2015
2025-01-29 15:38:58,971 django.server WARNING  "GET /static-root/js/bootstrap.bundle.js.map HTTP/1.1" 404 2015
2025-01-29 15:44:07,854 django.server WARNING  "GET /static-root/js/bootstrap.bundle.js.map HTTP/1.1" 404 2015
2025-01-29 15:52:53,405 django.request ERROR    Internal Server Error: /ru/accounts/registration/
Traceback (most recent call last):
  File "C:\Users\SAMURAI\PycharmProjects\certular\.venv\Lib\site-packages\django\core\handlers\exception.py", line 55, in inner
    response = get_response(request)
  File "C:\Users\SAMURAI\PycharmProjects\certular\.venv\Lib\site-packages\django\core\handlers\base.py", line 197, in _get_response
    response = wrapped_callback(request, *callback_args, **callback_kwargs)
  File "C:\Users\SAMURAI\PycharmProjects\certular\.venv\Lib\site-packages\django\views\generic\base.py", line 104, in view
    return self.dispatch(request, *args, **kwargs)
           ~~~~~~~~~~~~~^^^^^^^^^^^^^^^^^^^^^^^^^^
  File "C:\Users\SAMURAI\PycharmProjects\certular\.venv\Lib\site-packages\django\views\generic\base.py", line 143, in dispatch
    return handler(request, *args, **kwargs)
  File "C:\Users\SAMURAI\PycharmProjects\certular\project\accounts_app\views.py", line 74, in post
    request_body = json.loads(request.body)
  File "C:\Program Files\WindowsApps\PythonSoftwareFoundation.Python.3.13_3.13.496.0_x64__qbz5n2kfra8p0\Lib\json\__init__.py", line 346, in loads
    return _default_decoder.decode(s)
           ~~~~~~~~~~~~~~~~~~~~~~~^^^
  File "C:\Program Files\WindowsApps\PythonSoftwareFoundation.Python.3.13_3.13.496.0_x64__qbz5n2kfra8p0\Lib\json\decoder.py", line 345, in decode
    obj, end = self.raw_decode(s, idx=_w(s, 0).end())
               ~~~~~~~~~~~~~~~^^^^^^^^^^^^^^^^^^^^^^^
  File "C:\Program Files\WindowsApps\PythonSoftwareFoundation.Python.3.13_3.13.496.0_x64__qbz5n2kfra8p0\Lib\json\decoder.py", line 363, in raw_decode
    raise JSONDecodeError("Expecting value", s, err.value) from None
json.decoder.JSONDecodeError: Expecting value: line 1 column 1 (char 0)
2025-01-29 15:52:53,413 django.server ERROR    "POST /ru/accounts/registration/ HTTP/1.1" 500 91057
2025-01-29 15:55:04,056 django.request ERROR    Internal Server Error: /ru/accounts/registration/
Traceback (most recent call last):
  File "C:\Users\SAMURAI\PycharmProjects\certular\.venv\Lib\site-packages\django\core\handlers\exception.py", line 55, in inner
    response = get_response(request)
  File "C:\Users\SAMURAI\PycharmProjects\certular\.venv\Lib\site-packages\django\core\handlers\base.py", line 197, in _get_response
    response = wrapped_callback(request, *callback_args, **callback_kwargs)
  File "C:\Users\SAMURAI\PycharmProjects\certular\.venv\Lib\site-packages\django\views\generic\base.py", line 104, in view
    return self.dispatch(request, *args, **kwargs)
           ~~~~~~~~~~~~~^^^^^^^^^^^^^^^^^^^^^^^^^^
  File "C:\Users\SAMURAI\PycharmProjects\certular\.venv\Lib\site-packages\django\views\generic\base.py", line 143, in dispatch
    return handler(request, *args, **kwargs)
  File "C:\Users\SAMURAI\PycharmProjects\certular\project\accounts_app\views.py", line 75, in post
    request_body = json.loads(request.body)
  File "C:\Program Files\WindowsApps\PythonSoftwareFoundation.Python.3.13_3.13.496.0_x64__qbz5n2kfra8p0\Lib\json\__init__.py", line 346, in loads
    return _default_decoder.decode(s)
           ~~~~~~~~~~~~~~~~~~~~~~~^^^
  File "C:\Program Files\WindowsApps\PythonSoftwareFoundation.Python.3.13_3.13.496.0_x64__qbz5n2kfra8p0\Lib\json\decoder.py", line 345, in decode
    obj, end = self.raw_decode(s, idx=_w(s, 0).end())
               ~~~~~~~~~~~~~~~^^^^^^^^^^^^^^^^^^^^^^^
  File "C:\Program Files\WindowsApps\PythonSoftwareFoundation.Python.3.13_3.13.496.0_x64__qbz5n2kfra8p0\Lib\json\decoder.py", line 363, in raw_decode
    raise JSONDecodeError("Expecting value", s, err.value) from None
json.decoder.JSONDecodeError: Expecting value: line 1 column 1 (char 0)
2025-01-29 15:55:04,058 django.server ERROR    "POST /ru/accounts/registration/ HTTP/1.1" 500 91075
2025-01-29 15:55:50,595 django.server WARNING  "GET /static-root/js/bootstrap.bundle.js.map HTTP/1.1" 404 2015
2025-01-29 15:55:53,425 django.request ERROR    Internal Server Error: /ru/accounts/registration/
Traceback (most recent call last):
  File "C:\Users\SAMURAI\PycharmProjects\certular\.venv\Lib\site-packages\django\core\handlers\exception.py", line 55, in inner
    response = get_response(request)
  File "C:\Users\SAMURAI\PycharmProjects\certular\.venv\Lib\site-packages\django\core\handlers\base.py", line 197, in _get_response
    response = wrapped_callback(request, *callback_args, **callback_kwargs)
  File "C:\Users\SAMURAI\PycharmProjects\certular\.venv\Lib\site-packages\django\views\generic\base.py", line 104, in view
    return self.dispatch(request, *args, **kwargs)
           ~~~~~~~~~~~~~^^^^^^^^^^^^^^^^^^^^^^^^^^
  File "C:\Users\SAMURAI\PycharmProjects\certular\.venv\Lib\site-packages\django\views\generic\base.py", line 143, in dispatch
    return handler(request, *args, **kwargs)
  File "C:\Users\SAMURAI\PycharmProjects\certular\project\accounts_app\views.py", line 75, in post
    request_body = json.loads(request.body)
  File "C:\Program Files\WindowsApps\PythonSoftwareFoundation.Python.3.13_3.13.496.0_x64__qbz5n2kfra8p0\Lib\json\__init__.py", line 346, in loads
    return _default_decoder.decode(s)
           ~~~~~~~~~~~~~~~~~~~~~~~^^^
  File "C:\Program Files\WindowsApps\PythonSoftwareFoundation.Python.3.13_3.13.496.0_x64__qbz5n2kfra8p0\Lib\json\decoder.py", line 345, in decode
    obj, end = self.raw_decode(s, idx=_w(s, 0).end())
               ~~~~~~~~~~~~~~~^^^^^^^^^^^^^^^^^^^^^^^
  File "C:\Program Files\WindowsApps\PythonSoftwareFoundation.Python.3.13_3.13.496.0_x64__qbz5n2kfra8p0\Lib\json\decoder.py", line 363, in raw_decode
    raise JSONDecodeError("Expecting value", s, err.value) from None
json.decoder.JSONDecodeError: Expecting value: line 1 column 1 (char 0)
2025-01-29 15:55:53,429 django.server ERROR    "POST /ru/accounts/registration/ HTTP/1.1" 500 91075
2025-01-29 15:57:00,037 django.server WARNING  "GET /static-root/js/bootstrap.bundle.js.map HTTP/1.1" 404 2015
2025-01-29 15:57:02,278 django.request ERROR    Internal Server Error: /ru/accounts/registration/
Traceback (most recent call last):
  File "C:\Users\SAMURAI\PycharmProjects\certular\.venv\Lib\site-packages\django\core\handlers\exception.py", line 55, in inner
    response = get_response(request)
  File "C:\Users\SAMURAI\PycharmProjects\certular\.venv\Lib\site-packages\django\core\handlers\base.py", line 197, in _get_response
    response = wrapped_callback(request, *callback_args, **callback_kwargs)
  File "C:\Users\SAMURAI\PycharmProjects\certular\.venv\Lib\site-packages\django\views\generic\base.py", line 104, in view
    return self.dispatch(request, *args, **kwargs)
           ~~~~~~~~~~~~~^^^^^^^^^^^^^^^^^^^^^^^^^^
  File "C:\Users\SAMURAI\PycharmProjects\certular\.venv\Lib\site-packages\django\views\generic\base.py", line 143, in dispatch
    return handler(request, *args, **kwargs)
  File "C:\Users\SAMURAI\PycharmProjects\certular\project\accounts_app\views.py", line 75, in post
    request_body = json.loads(request.body)
  File "C:\Program Files\WindowsApps\PythonSoftwareFoundation.Python.3.13_3.13.496.0_x64__qbz5n2kfra8p0\Lib\json\__init__.py", line 346, in loads
    return _default_decoder.decode(s)
           ~~~~~~~~~~~~~~~~~~~~~~~^^^
  File "C:\Program Files\WindowsApps\PythonSoftwareFoundation.Python.3.13_3.13.496.0_x64__qbz5n2kfra8p0\Lib\json\decoder.py", line 345, in decode
    obj, end = self.raw_decode(s, idx=_w(s, 0).end())
               ~~~~~~~~~~~~~~~^^^^^^^^^^^^^^^^^^^^^^^
  File "C:\Program Files\WindowsApps\PythonSoftwareFoundation.Python.3.13_3.13.496.0_x64__qbz5n2kfra8p0\Lib\json\decoder.py", line 363, in raw_decode
    raise JSONDecodeError("Expecting value", s, err.value) from None
json.decoder.JSONDecodeError: Expecting value: line 1 column 1 (char 0)
2025-01-29 15:57:02,329 django.server ERROR    "POST /ru/accounts/registration/ HTTP/1.1" 500 90843
2025-01-29 15:58:30,456 django.request ERROR    Internal Server Error: /ru/accounts/registration/
Traceback (most recent call last):
  File "C:\Users\SAMURAI\PycharmProjects\certular\.venv\Lib\site-packages\django\core\handlers\exception.py", line 55, in inner
    response = get_response(request)
  File "C:\Users\SAMURAI\PycharmProjects\certular\.venv\Lib\site-packages\django\core\handlers\base.py", line 197, in _get_response
    response = wrapped_callback(request, *callback_args, **callback_kwargs)
  File "C:\Users\SAMURAI\PycharmProjects\certular\.venv\Lib\site-packages\django\views\generic\base.py", line 104, in view
    return self.dispatch(request, *args, **kwargs)
           ~~~~~~~~~~~~~^^^^^^^^^^^^^^^^^^^^^^^^^^
  File "C:\Users\SAMURAI\PycharmProjects\certular\.venv\Lib\site-packages\django\views\generic\base.py", line 143, in dispatch
    return handler(request, *args, **kwargs)
  File "C:\Users\SAMURAI\PycharmProjects\certular\project\accounts_app\views.py", line 75, in post
    request_body = json.loads(request.body)
  File "C:\Program Files\WindowsApps\PythonSoftwareFoundation.Python.3.13_3.13.496.0_x64__qbz5n2kfra8p0\Lib\json\__init__.py", line 346, in loads
    return _default_decoder.decode(s)
           ~~~~~~~~~~~~~~~~~~~~~~~^^^
  File "C:\Program Files\WindowsApps\PythonSoftwareFoundation.Python.3.13_3.13.496.0_x64__qbz5n2kfra8p0\Lib\json\decoder.py", line 345, in decode
    obj, end = self.raw_decode(s, idx=_w(s, 0).end())
               ~~~~~~~~~~~~~~~^^^^^^^^^^^^^^^^^^^^^^^
  File "C:\Program Files\WindowsApps\PythonSoftwareFoundation.Python.3.13_3.13.496.0_x64__qbz5n2kfra8p0\Lib\json\decoder.py", line 363, in raw_decode
    raise JSONDecodeError("Expecting value", s, err.value) from None
json.decoder.JSONDecodeError: Expecting value: line 1 column 1 (char 0)
2025-01-29 15:58:30,464 django.server ERROR    "POST /ru/accounts/registration/ HTTP/1.1" 500 90843
2025-01-29 15:58:48,211 django.server WARNING  "GET /static-root/js/bootstrap.bundle.js.map HTTP/1.1" 404 2015
2025-01-29 16:02:48,203 django.server WARNING  "GET /static-root/js/bootstrap.bundle.js.map HTTP/1.1" 404 2015
2025-01-29 16:12:27,445 django.server WARNING  "GET /static-root/js/bootstrap.bundle.js.map HTTP/1.1" 404 2015
2025-01-29 16:13:24,995 django.server WARNING  "GET /static-root/js/bootstrap.bundle.js.map HTTP/1.1" 404 2015
2025-01-29 16:18:37,291 django.server WARNING  "GET /static-root/js/bootstrap.bundle.js.map HTTP/1.1" 404 2015
2025-01-29 16:21:29,673 django.server WARNING  "GET /static-root/js/bootstrap.bundle.js.map HTTP/1.1" 404 2015
2025-01-29 16:21:47,315 django.server WARNING  "GET /static-root/js/bootstrap.bundle.js.map HTTP/1.1" 404 2015
2025-01-29 16:29:32,188 django.server WARNING  "GET /static-root/js/bootstrap.bundle.js.map HTTP/1.1" 404 2015
2025-01-29 16:29:32,465 django.server WARNING  "GET /static-root/js/bootstrap.bundle.js.map HTTP/1.1" 404 2015
2025-01-29 16:32:28,501 django.server WARNING  "GET /static-root/js/bootstrap.bundle.js.map HTTP/1.1" 404 2015
2025-01-29 16:33:10,004 django.server WARNING  "GET /static-root/js/bootstrap.bundle.js.map HTTP/1.1" 404 2015
2025-01-29 16:36:01,416 django.server WARNING  "GET /static-root/js/bootstrap.bundle.js.map HTTP/1.1" 404 2015
2025-01-29 16:36:01,800 django.server WARNING  "GET /static-root/js/bootstrap.bundle.js.map HTTP/1.1" 404 2015
2025-01-29 16:36:44,628 django.server WARNING  "GET /static-root/js/bootstrap.bundle.js.map HTTP/1.1" 404 2015
2025-01-29 16:36:55,524 django.server WARNING  "GET /static-root/js/bootstrap.bundle.js.map HTTP/1.1" 404 2015
2025-01-29 16:37:23,478 django.server WARNING  "GET /static-root/js/bootstrap.bundle.js.map HTTP/1.1" 404 2015
2025-01-29 17:26:11,847 django.request WARNING  Not Found: /favicon.ico
2025-01-29 17:26:11,847 django.server WARNING  "GET /favicon.ico HTTP/1.1" 404 2999
2025-01-29 17:28:03,844 django.request WARNING  Unauthorized: /ru/accounts/login/
2025-01-29 17:28:03,846 django.server WARNING  "POST /ru/accounts/login/ HTTP/1.1" 401 209
2025-01-29 18:58:22,995 django.request WARNING  Not Found: /ru/ad
2025-01-29 18:58:22,996 django.server WARNING  "GET /ru/ad HTTP/1.1" 404 5982
2025-01-29 19:23:02,559 django.request ERROR    Internal Server Error: /admin/accounts_app/organization/5/change/
Traceback (most recent call last):
  File "C:\Users\SAMURAI\PycharmProjects\certular\.venv\Lib\site-packages\django\core\handlers\exception.py", line 55, in inner
    response = get_response(request)
  File "C:\Users\SAMURAI\PycharmProjects\certular\.venv\Lib\site-packages\django\core\handlers\base.py", line 197, in _get_response
    response = wrapped_callback(request, *callback_args, **callback_kwargs)
  File "C:\Users\SAMURAI\PycharmProjects\certular\.venv\Lib\site-packages\django\contrib\admin\options.py", line 718, in wrapper
    return self.admin_site.admin_view(view)(*args, **kwargs)
           ~~~~~~~~~~~~~~~~~~~~~~~~~~~~~~~~^^^^^^^^^^^^^^^^^
  File "C:\Users\SAMURAI\PycharmProjects\certular\.venv\Lib\site-packages\django\utils\decorators.py", line 188, in _view_wrapper
    result = _process_exception(request, e)
  File "C:\Users\SAMURAI\PycharmProjects\certular\.venv\Lib\site-packages\django\utils\decorators.py", line 186, in _view_wrapper
    response = view_func(request, *args, **kwargs)
  File "C:\Users\SAMURAI\PycharmProjects\certular\.venv\Lib\site-packages\django\views\decorators\cache.py", line 80, in _view_wrapper
    response = view_func(request, *args, **kwargs)
  File "C:\Users\SAMURAI\PycharmProjects\certular\.venv\Lib\site-packages\django\contrib\admin\sites.py", line 241, in inner
    return view(request, *args, **kwargs)
  File "C:\Users\SAMURAI\PycharmProjects\certular\.venv\Lib\site-packages\django\contrib\admin\options.py", line 1964, in change_view
    return self.changeform_view(request, object_id, form_url, extra_context)
           ~~~~~~~~~~~~~~~~~~~~^^^^^^^^^^^^^^^^^^^^^^^^^^^^^^^^^^^^^^^^^^^^^
  File "C:\Users\SAMURAI\PycharmProjects\certular\.venv\Lib\site-packages\django\utils\decorators.py", line 48, in _wrapper
    return bound_method(*args, **kwargs)
  File "C:\Users\SAMURAI\PycharmProjects\certular\.venv\Lib\site-packages\django\utils\decorators.py", line 188, in _view_wrapper
    result = _process_exception(request, e)
  File "C:\Users\SAMURAI\PycharmProjects\certular\.venv\Lib\site-packages\django\utils\decorators.py", line 186, in _view_wrapper
    response = view_func(request, *args, **kwargs)
  File "C:\Users\SAMURAI\PycharmProjects\certular\.venv\Lib\site-packages\django\contrib\admin\options.py", line 1820, in changeform_view
    return self._changeform_view(request, object_id, form_url, extra_context)
           ~~~~~~~~~~~~~~~~~~~~~^^^^^^^^^^^^^^^^^^^^^^^^^^^^^^^^^^^^^^^^^^^^^
  File "C:\Users\SAMURAI\PycharmProjects\certular\.venv\Lib\site-packages\django\contrib\admin\options.py", line 1871, in _changeform_view
    self.save_model(request, new_object, form, not add)
    ~~~~~~~~~~~~~~~^^^^^^^^^^^^^^^^^^^^^^^^^^^^^^^^^^^^
  File "C:\Users\SAMURAI\PycharmProjects\certular\project\accounts_app\admin.py", line 40, in save_model
    obj.user = request.user
    ^^^^^^^^
  File "C:\Users\SAMURAI\PycharmProjects\certular\.venv\Lib\site-packages\django\db\models\fields\related_descriptors.py", line 665, in __set__
    raise TypeError(
    ...<2 lines>...
    )
TypeError: Direct assignment to the reverse side of a related set is prohibited. Use user.set() instead.
2025-01-29 19:23:02,565 django.server ERROR    "POST /admin/accounts_app/organization/5/change/ HTTP/1.1" 500 133256
2025-01-30 09:20:12,485 django.request WARNING  Not Found: /favicon.ico
2025-01-30 09:20:12,485 django.server WARNING  "GET /favicon.ico HTTP/1.1" 404 2999
2025-01-30 09:23:07,289 django.request ERROR    Internal Server Error: /admin/accounts_app/organization/5/change/
Traceback (most recent call last):
  File "C:\Users\SAMURAI\PycharmProjects\certular\.venv\Lib\site-packages\django\core\handlers\exception.py", line 55, in inner
    response = get_response(request)
  File "C:\Users\SAMURAI\PycharmProjects\certular\.venv\Lib\site-packages\django\core\handlers\base.py", line 197, in _get_response
    response = wrapped_callback(request, *callback_args, **callback_kwargs)
  File "C:\Users\SAMURAI\PycharmProjects\certular\.venv\Lib\site-packages\django\contrib\admin\options.py", line 718, in wrapper
    return self.admin_site.admin_view(view)(*args, **kwargs)
           ~~~~~~~~~~~~~~~~~~~~~~~~~~~~~~~~^^^^^^^^^^^^^^^^^
  File "C:\Users\SAMURAI\PycharmProjects\certular\.venv\Lib\site-packages\django\utils\decorators.py", line 188, in _view_wrapper
    result = _process_exception(request, e)
  File "C:\Users\SAMURAI\PycharmProjects\certular\.venv\Lib\site-packages\django\utils\decorators.py", line 186, in _view_wrapper
    response = view_func(request, *args, **kwargs)
  File "C:\Users\SAMURAI\PycharmProjects\certular\.venv\Lib\site-packages\django\views\decorators\cache.py", line 80, in _view_wrapper
    response = view_func(request, *args, **kwargs)
  File "C:\Users\SAMURAI\PycharmProjects\certular\.venv\Lib\site-packages\django\contrib\admin\sites.py", line 241, in inner
    return view(request, *args, **kwargs)
  File "C:\Users\SAMURAI\PycharmProjects\certular\.venv\Lib\site-packages\django\contrib\admin\options.py", line 1964, in change_view
    return self.changeform_view(request, object_id, form_url, extra_context)
           ~~~~~~~~~~~~~~~~~~~~^^^^^^^^^^^^^^^^^^^^^^^^^^^^^^^^^^^^^^^^^^^^^
  File "C:\Users\SAMURAI\PycharmProjects\certular\.venv\Lib\site-packages\django\utils\decorators.py", line 48, in _wrapper
    return bound_method(*args, **kwargs)
  File "C:\Users\SAMURAI\PycharmProjects\certular\.venv\Lib\site-packages\django\utils\decorators.py", line 188, in _view_wrapper
    result = _process_exception(request, e)
  File "C:\Users\SAMURAI\PycharmProjects\certular\.venv\Lib\site-packages\django\utils\decorators.py", line 186, in _view_wrapper
    response = view_func(request, *args, **kwargs)
  File "C:\Users\SAMURAI\PycharmProjects\certular\.venv\Lib\site-packages\django\contrib\admin\options.py", line 1820, in changeform_view
    return self._changeform_view(request, object_id, form_url, extra_context)
           ~~~~~~~~~~~~~~~~~~~~~^^^^^^^^^^^^^^^^^^^^^^^^^^^^^^^^^^^^^^^^^^^^^
  File "C:\Users\SAMURAI\PycharmProjects\certular\.venv\Lib\site-packages\django\contrib\admin\options.py", line 1871, in _changeform_view
    self.save_model(request, new_object, form, not add)
    ~~~~~~~~~~~~~~~^^^^^^^^^^^^^^^^^^^^^^^^^^^^^^^^^^^^
  File "C:\Users\SAMURAI\PycharmProjects\certular\project\accounts_app\admin.py", line 35, in save_model
    print(request.body)
          ^^^^^^^^^^^^
  File "C:\Users\SAMURAI\PycharmProjects\certular\.venv\Lib\site-packages\django\http\request.py", line 328, in body
    raise RawPostDataException(
        "You cannot access body after reading from request's data stream"
    )
django.http.request.RawPostDataException: You cannot access body after reading from request's data stream
2025-01-30 09:23:07,292 django.server ERROR    "POST /admin/accounts_app/organization/5/change/ HTTP/1.1" 500 131111
2025-01-30 09:51:35,518 django.request ERROR    Internal Server Error: /admin/accounts_app/organization/3/change/
Traceback (most recent call last):
  File "C:\Users\SAMURAI\PycharmProjects\certular\.venv\Lib\site-packages\django\core\handlers\exception.py", line 55, in inner
    response = get_response(request)
  File "C:\Users\SAMURAI\PycharmProjects\certular\.venv\Lib\site-packages\django\core\handlers\base.py", line 197, in _get_response
    response = wrapped_callback(request, *callback_args, **callback_kwargs)
  File "C:\Users\SAMURAI\PycharmProjects\certular\.venv\Lib\site-packages\django\contrib\admin\options.py", line 718, in wrapper
    return self.admin_site.admin_view(view)(*args, **kwargs)
           ~~~~~~~~~~~~~~~~~~~~~~~~~~~~~~~~^^^^^^^^^^^^^^^^^
  File "C:\Users\SAMURAI\PycharmProjects\certular\.venv\Lib\site-packages\django\utils\decorators.py", line 188, in _view_wrapper
    result = _process_exception(request, e)
  File "C:\Users\SAMURAI\PycharmProjects\certular\.venv\Lib\site-packages\django\utils\decorators.py", line 186, in _view_wrapper
    response = view_func(request, *args, **kwargs)
  File "C:\Users\SAMURAI\PycharmProjects\certular\.venv\Lib\site-packages\django\views\decorators\cache.py", line 80, in _view_wrapper
    response = view_func(request, *args, **kwargs)
  File "C:\Users\SAMURAI\PycharmProjects\certular\.venv\Lib\site-packages\django\contrib\admin\sites.py", line 241, in inner
    return view(request, *args, **kwargs)
  File "C:\Users\SAMURAI\PycharmProjects\certular\.venv\Lib\site-packages\django\contrib\admin\options.py", line 1964, in change_view
    return self.changeform_view(request, object_id, form_url, extra_context)
           ~~~~~~~~~~~~~~~~~~~~^^^^^^^^^^^^^^^^^^^^^^^^^^^^^^^^^^^^^^^^^^^^^
  File "C:\Users\SAMURAI\PycharmProjects\certular\.venv\Lib\site-packages\django\utils\decorators.py", line 48, in _wrapper
    return bound_method(*args, **kwargs)
  File "C:\Users\SAMURAI\PycharmProjects\certular\.venv\Lib\site-packages\django\utils\decorators.py", line 188, in _view_wrapper
    result = _process_exception(request, e)
  File "C:\Users\SAMURAI\PycharmProjects\certular\.venv\Lib\site-packages\django\utils\decorators.py", line 186, in _view_wrapper
    response = view_func(request, *args, **kwargs)
  File "C:\Users\SAMURAI\PycharmProjects\certular\.venv\Lib\site-packages\django\contrib\admin\options.py", line 1820, in changeform_view
    return self._changeform_view(request, object_id, form_url, extra_context)
           ~~~~~~~~~~~~~~~~~~~~~^^^^^^^^^^^^^^^^^^^^^^^^^^^^^^^^^^^^^^^^^^^^^
  File "C:\Users\SAMURAI\PycharmProjects\certular\.venv\Lib\site-packages\django\contrib\admin\options.py", line 1871, in _changeform_view
    self.save_model(request, new_object, form, not add)
    ~~~~~~~~~~~~~~~^^^^^^^^^^^^^^^^^^^^^^^^^^^^^^^^^^^^
  File "C:\Users\SAMURAI\PycharmProjects\certular\project\accounts_app\admin.py", line 32, in save_model
    print(request.reports_set.objects.all())
          ^^^^^^^^^^^^^^^^^^^
AttributeError: 'WSGIRequest' object has no attribute 'reports_set'
2025-01-30 09:51:35,526 django.server ERROR    "POST /admin/accounts_app/organization/3/change/ HTTP/1.1" 500 128587
2025-01-30 10:09:39,462 django.request ERROR    Internal Server Error: /admin/accounts_app/organization/3/change/
Traceback (most recent call last):
  File "C:\Users\SAMURAI\PycharmProjects\certular\.venv\Lib\site-packages\django\core\handlers\exception.py", line 55, in inner
    response = get_response(request)
  File "C:\Users\SAMURAI\PycharmProjects\certular\.venv\Lib\site-packages\django\core\handlers\base.py", line 197, in _get_response
    response = wrapped_callback(request, *callback_args, **callback_kwargs)
  File "C:\Users\SAMURAI\PycharmProjects\certular\.venv\Lib\site-packages\django\contrib\admin\options.py", line 718, in wrapper
    return self.admin_site.admin_view(view)(*args, **kwargs)
           ~~~~~~~~~~~~~~~~~~~~~~~~~~~~~~~~^^^^^^^^^^^^^^^^^
  File "C:\Users\SAMURAI\PycharmProjects\certular\.venv\Lib\site-packages\django\utils\decorators.py", line 188, in _view_wrapper
    result = _process_exception(request, e)
  File "C:\Users\SAMURAI\PycharmProjects\certular\.venv\Lib\site-packages\django\utils\decorators.py", line 186, in _view_wrapper
    response = view_func(request, *args, **kwargs)
  File "C:\Users\SAMURAI\PycharmProjects\certular\.venv\Lib\site-packages\django\views\decorators\cache.py", line 80, in _view_wrapper
    response = view_func(request, *args, **kwargs)
  File "C:\Users\SAMURAI\PycharmProjects\certular\.venv\Lib\site-packages\django\contrib\admin\sites.py", line 241, in inner
    return view(request, *args, **kwargs)
  File "C:\Users\SAMURAI\PycharmProjects\certular\.venv\Lib\site-packages\django\contrib\admin\options.py", line 1964, in change_view
    return self.changeform_view(request, object_id, form_url, extra_context)
           ~~~~~~~~~~~~~~~~~~~~^^^^^^^^^^^^^^^^^^^^^^^^^^^^^^^^^^^^^^^^^^^^^
  File "C:\Users\SAMURAI\PycharmProjects\certular\.venv\Lib\site-packages\django\utils\decorators.py", line 48, in _wrapper
    return bound_method(*args, **kwargs)
  File "C:\Users\SAMURAI\PycharmProjects\certular\.venv\Lib\site-packages\django\utils\decorators.py", line 188, in _view_wrapper
    result = _process_exception(request, e)
  File "C:\Users\SAMURAI\PycharmProjects\certular\.venv\Lib\site-packages\django\utils\decorators.py", line 186, in _view_wrapper
    response = view_func(request, *args, **kwargs)
  File "C:\Users\SAMURAI\PycharmProjects\certular\.venv\Lib\site-packages\django\contrib\admin\options.py", line 1820, in changeform_view
    return self._changeform_view(request, object_id, form_url, extra_context)
           ~~~~~~~~~~~~~~~~~~~~~^^^^^^^^^^^^^^^^^^^^^^^^^^^^^^^^^^^^^^^^^^^^^
  File "C:\Users\SAMURAI\PycharmProjects\certular\.venv\Lib\site-packages\django\contrib\admin\options.py", line 1893, in _changeform_view
    formsets, inline_instances = self._create_formsets(
                                 ~~~~~~~~~~~~~~~~~~~~~^
        request, obj, change=True
        ^^^^^^^^^^^^^^^^^^^^^^^^^
    )
    ^
  File "C:\Users\SAMURAI\PycharmProjects\certular\.venv\Lib\site-packages\django\contrib\admin\options.py", line 2332, in _create_formsets
    for FormSet, inline in self.get_formsets_with_inlines(*get_formsets_args):
                           ~~~~~~~~~~~~~~~~~~~~~~~~~~~~~~^^^^^^^^^^^^^^^^^^^^
  File "C:\Users\SAMURAI\PycharmProjects\certular\.venv\Lib\site-packages\django\contrib\admin\options.py", line 937, in get_formsets_with_inlines
    yield inline.get_formset(request, obj), inline
          ~~~~~~~~~~~~~~~~~~^^^^^^^^^^^^^^
  File "C:\Users\SAMURAI\PycharmProjects\certular\project\accounts_app\admin.py", line 23, in get_formset
    super().get_formset(self, request, obj=None, **kwargs)
    ~~~~~~~~~~~~~~~~~~~^^^^^^^^^^^^^^^^^^^^^^^^^^^^^^^^^^^
TypeError: InlineModelAdmin.get_formset() got multiple values for argument 'obj'
2025-01-30 10:09:39,466 django.server ERROR    "GET /admin/accounts_app/organization/3/change/ HTTP/1.1" 500 133280
2025-01-30 10:10:09,858 django.request ERROR    Internal Server Error: /admin/accounts_app/organization/3/change/
Traceback (most recent call last):
  File "C:\Users\SAMURAI\PycharmProjects\certular\.venv\Lib\site-packages\django\core\handlers\exception.py", line 55, in inner
    response = get_response(request)
  File "C:\Users\SAMURAI\PycharmProjects\certular\.venv\Lib\site-packages\django\core\handlers\base.py", line 197, in _get_response
    response = wrapped_callback(request, *callback_args, **callback_kwargs)
  File "C:\Users\SAMURAI\PycharmProjects\certular\.venv\Lib\site-packages\django\contrib\admin\options.py", line 718, in wrapper
    return self.admin_site.admin_view(view)(*args, **kwargs)
           ~~~~~~~~~~~~~~~~~~~~~~~~~~~~~~~~^^^^^^^^^^^^^^^^^
  File "C:\Users\SAMURAI\PycharmProjects\certular\.venv\Lib\site-packages\django\utils\decorators.py", line 188, in _view_wrapper
    result = _process_exception(request, e)
  File "C:\Users\SAMURAI\PycharmProjects\certular\.venv\Lib\site-packages\django\utils\decorators.py", line 186, in _view_wrapper
    response = view_func(request, *args, **kwargs)
  File "C:\Users\SAMURAI\PycharmProjects\certular\.venv\Lib\site-packages\django\views\decorators\cache.py", line 80, in _view_wrapper
    response = view_func(request, *args, **kwargs)
  File "C:\Users\SAMURAI\PycharmProjects\certular\.venv\Lib\site-packages\django\contrib\admin\sites.py", line 241, in inner
    return view(request, *args, **kwargs)
  File "C:\Users\SAMURAI\PycharmProjects\certular\.venv\Lib\site-packages\django\contrib\admin\options.py", line 1964, in change_view
    return self.changeform_view(request, object_id, form_url, extra_context)
           ~~~~~~~~~~~~~~~~~~~~^^^^^^^^^^^^^^^^^^^^^^^^^^^^^^^^^^^^^^^^^^^^^
  File "C:\Users\SAMURAI\PycharmProjects\certular\.venv\Lib\site-packages\django\utils\decorators.py", line 48, in _wrapper
    return bound_method(*args, **kwargs)
  File "C:\Users\SAMURAI\PycharmProjects\certular\.venv\Lib\site-packages\django\utils\decorators.py", line 188, in _view_wrapper
    result = _process_exception(request, e)
  File "C:\Users\SAMURAI\PycharmProjects\certular\.venv\Lib\site-packages\django\utils\decorators.py", line 186, in _view_wrapper
    response = view_func(request, *args, **kwargs)
  File "C:\Users\SAMURAI\PycharmProjects\certular\.venv\Lib\site-packages\django\contrib\admin\options.py", line 1820, in changeform_view
    return self._changeform_view(request, object_id, form_url, extra_context)
           ~~~~~~~~~~~~~~~~~~~~~^^^^^^^^^^^^^^^^^^^^^^^^^^^^^^^^^^^^^^^^^^^^^
  File "C:\Users\SAMURAI\PycharmProjects\certular\.venv\Lib\site-packages\django\contrib\admin\options.py", line 1893, in _changeform_view
    formsets, inline_instances = self._create_formsets(
                                 ~~~~~~~~~~~~~~~~~~~~~^
        request, obj, change=True
        ^^^^^^^^^^^^^^^^^^^^^^^^^
    )
    ^
  File "C:\Users\SAMURAI\PycharmProjects\certular\.venv\Lib\site-packages\django\contrib\admin\options.py", line 2332, in _create_formsets
    for FormSet, inline in self.get_formsets_with_inlines(*get_formsets_args):
                           ~~~~~~~~~~~~~~~~~~~~~~~~~~~~~~^^^^^^^^^^^^^^^^^^^^
  File "C:\Users\SAMURAI\PycharmProjects\certular\.venv\Lib\site-packages\django\contrib\admin\options.py", line 937, in get_formsets_with_inlines
    yield inline.get_formset(request, obj), inline
          ~~~~~~~~~~~~~~~~~~^^^^^^^^^^^^^^
  File "C:\Users\SAMURAI\PycharmProjects\certular\project\accounts_app\admin.py", line 23, in get_formset
    super(ReportsInline, self).get_formset(self, request, obj=None, **kwargs)
    ~~~~~~~~~~~~~~~~~~~~~~~~~~~~~~~~~~~~~~^^^^^^^^^^^^^^^^^^^^^^^^^^^^^^^^^^^
TypeError: InlineModelAdmin.get_formset() got multiple values for argument 'obj'
2025-01-30 10:10:09,862 django.server ERROR    "GET /admin/accounts_app/organization/3/change/ HTTP/1.1" 500 133356
2025-01-30 10:10:12,253 django.request ERROR    Internal Server Error: /admin/accounts_app/organization/5/change/
Traceback (most recent call last):
  File "C:\Users\SAMURAI\PycharmProjects\certular\.venv\Lib\site-packages\django\core\handlers\exception.py", line 55, in inner
    response = get_response(request)
  File "C:\Users\SAMURAI\PycharmProjects\certular\.venv\Lib\site-packages\django\core\handlers\base.py", line 197, in _get_response
    response = wrapped_callback(request, *callback_args, **callback_kwargs)
  File "C:\Users\SAMURAI\PycharmProjects\certular\.venv\Lib\site-packages\django\contrib\admin\options.py", line 718, in wrapper
    return self.admin_site.admin_view(view)(*args, **kwargs)
           ~~~~~~~~~~~~~~~~~~~~~~~~~~~~~~~~^^^^^^^^^^^^^^^^^
  File "C:\Users\SAMURAI\PycharmProjects\certular\.venv\Lib\site-packages\django\utils\decorators.py", line 188, in _view_wrapper
    result = _process_exception(request, e)
  File "C:\Users\SAMURAI\PycharmProjects\certular\.venv\Lib\site-packages\django\utils\decorators.py", line 186, in _view_wrapper
    response = view_func(request, *args, **kwargs)
  File "C:\Users\SAMURAI\PycharmProjects\certular\.venv\Lib\site-packages\django\views\decorators\cache.py", line 80, in _view_wrapper
    response = view_func(request, *args, **kwargs)
  File "C:\Users\SAMURAI\PycharmProjects\certular\.venv\Lib\site-packages\django\contrib\admin\sites.py", line 241, in inner
    return view(request, *args, **kwargs)
  File "C:\Users\SAMURAI\PycharmProjects\certular\.venv\Lib\site-packages\django\contrib\admin\options.py", line 1964, in change_view
    return self.changeform_view(request, object_id, form_url, extra_context)
           ~~~~~~~~~~~~~~~~~~~~^^^^^^^^^^^^^^^^^^^^^^^^^^^^^^^^^^^^^^^^^^^^^
  File "C:\Users\SAMURAI\PycharmProjects\certular\.venv\Lib\site-packages\django\utils\decorators.py", line 48, in _wrapper
    return bound_method(*args, **kwargs)
  File "C:\Users\SAMURAI\PycharmProjects\certular\.venv\Lib\site-packages\django\utils\decorators.py", line 188, in _view_wrapper
    result = _process_exception(request, e)
  File "C:\Users\SAMURAI\PycharmProjects\certular\.venv\Lib\site-packages\django\utils\decorators.py", line 186, in _view_wrapper
    response = view_func(request, *args, **kwargs)
  File "C:\Users\SAMURAI\PycharmProjects\certular\.venv\Lib\site-packages\django\contrib\admin\options.py", line 1820, in changeform_view
    return self._changeform_view(request, object_id, form_url, extra_context)
           ~~~~~~~~~~~~~~~~~~~~~^^^^^^^^^^^^^^^^^^^^^^^^^^^^^^^^^^^^^^^^^^^^^
  File "C:\Users\SAMURAI\PycharmProjects\certular\.venv\Lib\site-packages\django\contrib\admin\options.py", line 1893, in _changeform_view
    formsets, inline_instances = self._create_formsets(
                                 ~~~~~~~~~~~~~~~~~~~~~^
        request, obj, change=True
        ^^^^^^^^^^^^^^^^^^^^^^^^^
    )
    ^
  File "C:\Users\SAMURAI\PycharmProjects\certular\.venv\Lib\site-packages\django\contrib\admin\options.py", line 2332, in _create_formsets
    for FormSet, inline in self.get_formsets_with_inlines(*get_formsets_args):
                           ~~~~~~~~~~~~~~~~~~~~~~~~~~~~~~^^^^^^^^^^^^^^^^^^^^
  File "C:\Users\SAMURAI\PycharmProjects\certular\.venv\Lib\site-packages\django\contrib\admin\options.py", line 937, in get_formsets_with_inlines
    yield inline.get_formset(request, obj), inline
          ~~~~~~~~~~~~~~~~~~^^^^^^^^^^^^^^
  File "C:\Users\SAMURAI\PycharmProjects\certular\project\accounts_app\admin.py", line 23, in get_formset
    super(ReportsInline, self).get_formset(self, request, obj=None, **kwargs)
    ~~~~~~~~~~~~~~~~~~~~~~~~~~~~~~~~~~~~~~^^^^^^^^^^^^^^^^^^^^^^^^^^^^^^^^^^^
TypeError: InlineModelAdmin.get_formset() got multiple values for argument 'obj'
2025-01-30 10:10:12,256 django.server ERROR    "GET /admin/accounts_app/organization/5/change/ HTTP/1.1" 500 133371
